INSERT INTO `plant` (`PLANT_CD`, `PLANT_NM`, `UPDATE_DT`) VALUES (1, '공장1', '2021-09-26 22:02:36');
INSERT INTO `plant` (`PLANT_CD`, `PLANT_NM`, `UPDATE_DT`) VALUES (2, '공장2', '2021-09-26 22:02:36');

INSERT INTO `line` (`LINE_CD`, `PLANT_CD`, `LINE_NM`, `USE_YN`, `REMARK`, `UPDATE_DT`) VALUES (1, 1, '1라인', 1, NULL, '2021-09-26 22:02:41');
INSERT INTO `line` (`LINE_CD`, `PLANT_CD`, `LINE_NM`, `USE_YN`, `REMARK`, `UPDATE_DT`) VALUES (2, 1, '2라인', 1, NULL, '2021-09-26 22:02:41');
INSERT INTO `line` (`LINE_CD`, `PLANT_CD`, `LINE_NM`, `USE_YN`, `REMARK`, `UPDATE_DT`) VALUES (3, 1, '3라인', 0, 'repair', '2021-09-26 22:02:41');
INSERT INTO `line` (`LINE_CD`, `PLANT_CD`, `LINE_NM`, `USE_YN`, `REMARK`, `UPDATE_DT`) VALUES (4, 2, '4라인', 1, NULL, '2021-09-26 22:02:41');
INSERT INTO `line` (`LINE_CD`, `PLANT_CD`, `LINE_NM`, `USE_YN`, `REMARK`, `UPDATE_DT`) VALUES (5, 2, '5라인', 1, NULL, '2021-09-26 22:02:41');
INSERT INTO `line` (`LINE_CD`, `PLANT_CD`, `LINE_NM`, `USE_YN`, `REMARK`, `UPDATE_DT`) VALUES (6, 2, '6라인', 1, NULL, '2021-09-26 22:02:41');

INSERT INTO `process` (`PLANT_CD`, `LINE_CD`, `PROCESS_CD`, `PROCESS_NM`, `USE_TYPE`, `USE_YN`, `REMARK`, `UPDATE_DT`) VALUES (1, 1, 'assem_1', '조립', '생산', 1, NULL, '2021-09-26 22:02:45');
INSERT INTO `process` (`PLANT_CD`, `LINE_CD`, `PROCESS_CD`, `PROCESS_NM`, `USE_TYPE`, `USE_YN`, `REMARK`, `UPDATE_DT`) VALUES (1, 2, 'assem_2', '조립', '생산', 1, NULL, '2021-09-26 22:02:45');
INSERT INTO `process` (`PLANT_CD`, `LINE_CD`, `PROCESS_CD`, `PROCESS_NM`, `USE_TYPE`, `USE_YN`, `REMARK`, `UPDATE_DT`) VALUES (1, 3, 'assem_3', '조립', '생산', 1, NULL, '2021-09-26 22:02:45');
INSERT INTO `process` (`PLANT_CD`, `LINE_CD`, `PROCESS_CD`, `PROCESS_NM`, `USE_TYPE`, `USE_YN`, `REMARK`, `UPDATE_DT`) VALUES (2, 4, 'assem_4', '조립', '생산', 1, NULL, '2021-09-26 22:02:45');
INSERT INTO `process` (`PLANT_CD`, `LINE_CD`, `PROCESS_CD`, `PROCESS_NM`, `USE_TYPE`, `USE_YN`, `REMARK`, `UPDATE_DT`) VALUES (2, 5, 'assem_5', '조립', '생산', 1, NULL, '2021-09-26 22:02:45');
INSERT INTO `process` (`PLANT_CD`, `LINE_CD`, `PROCESS_CD`, `PROCESS_NM`, `USE_TYPE`, `USE_YN`, `REMARK`, `UPDATE_DT`) VALUES (2, 6, 'assem_6', '조립', '생산', 1, NULL, '2021-09-26 22:02:45');
INSERT INTO `process` (`PLANT_CD`, `LINE_CD`, `PROCESS_CD`, `PROCESS_NM`, `USE_TYPE`, `USE_YN`, `REMARK`, `UPDATE_DT`) VALUES (1, 1, 'cut_1', '커팅', '생산', 1, NULL, '2021-09-26 22:02:45');
INSERT INTO `process` (`PLANT_CD`, `LINE_CD`, `PROCESS_CD`, `PROCESS_NM`, `USE_TYPE`, `USE_YN`, `REMARK`, `UPDATE_DT`) VALUES (1, 2, 'cut_2', '커팅', '생산', 1, NULL, '2021-09-26 22:02:45');
INSERT INTO `process` (`PLANT_CD`, `LINE_CD`, `PROCESS_CD`, `PROCESS_NM`, `USE_TYPE`, `USE_YN`, `REMARK`, `UPDATE_DT`) VALUES (1, 3, 'cut_3', '커팅', '생산', 1, NULL, '2021-09-26 22:02:45');
INSERT INTO `process` (`PLANT_CD`, `LINE_CD`, `PROCESS_CD`, `PROCESS_NM`, `USE_TYPE`, `USE_YN`, `REMARK`, `UPDATE_DT`) VALUES (2, 4, 'cut_4', '커팅', '생산', 1, NULL, '2021-09-26 22:02:45');
INSERT INTO `process` (`PLANT_CD`, `LINE_CD`, `PROCESS_CD`, `PROCESS_NM`, `USE_TYPE`, `USE_YN`, `REMARK`, `UPDATE_DT`) VALUES (2, 5, 'cut_5', '커팅', '생산', 1, NULL, '2021-09-26 22:02:45');
INSERT INTO `process` (`PLANT_CD`, `LINE_CD`, `PROCESS_CD`, `PROCESS_NM`, `USE_TYPE`, `USE_YN`, `REMARK`, `UPDATE_DT`) VALUES (2, 6, 'cut_6', '커팅', '생산', 1, NULL, '2021-09-26 22:02:45');
INSERT INTO `process` (`PLANT_CD`, `LINE_CD`, `PROCESS_CD`, `PROCESS_NM`, `USE_TYPE`, `USE_YN`, `REMARK`, `UPDATE_DT`) VALUES (1, 1, 'drill_1', '드릴링', '생산', 1, NULL, '2021-09-26 22:02:45');
INSERT INTO `process` (`PLANT_CD`, `LINE_CD`, `PROCESS_CD`, `PROCESS_NM`, `USE_TYPE`, `USE_YN`, `REMARK`, `UPDATE_DT`) VALUES (1, 2, 'drill_2', '드릴링', '생산', 1, NULL, '2021-09-26 22:02:45');
INSERT INTO `process` (`PLANT_CD`, `LINE_CD`, `PROCESS_CD`, `PROCESS_NM`, `USE_TYPE`, `USE_YN`, `REMARK`, `UPDATE_DT`) VALUES (1, 3, 'drill_3', '드릴링', '생산', 1, NULL, '2021-09-26 22:02:45');
INSERT INTO `process` (`PLANT_CD`, `LINE_CD`, `PROCESS_CD`, `PROCESS_NM`, `USE_TYPE`, `USE_YN`, `REMARK`, `UPDATE_DT`) VALUES (2, 4, 'drill_4', '드릴링', '생산', 1, NULL, '2021-09-26 22:02:45');
INSERT INTO `process` (`PLANT_CD`, `LINE_CD`, `PROCESS_CD`, `PROCESS_NM`, `USE_TYPE`, `USE_YN`, `REMARK`, `UPDATE_DT`) VALUES (2, 5, 'drill_5', '드릴링', '생산', 1, NULL, '2021-09-26 22:02:45');
INSERT INTO `process` (`PLANT_CD`, `LINE_CD`, `PROCESS_CD`, `PROCESS_NM`, `USE_TYPE`, `USE_YN`, `REMARK`, `UPDATE_DT`) VALUES (2, 6, 'drill_6', '드릴링', '생산', 1, NULL, '2021-09-26 22:02:45');
INSERT INTO `process` (`PLANT_CD`, `LINE_CD`, `PROCESS_CD`, `PROCESS_NM`, `USE_TYPE`, `USE_YN`, `REMARK`, `UPDATE_DT`) VALUES (1, 1, 'qc_cut_1', '수치검사', '검사', 1, NULL, '2021-09-26 22:02:45');
INSERT INTO `process` (`PLANT_CD`, `LINE_CD`, `PROCESS_CD`, `PROCESS_NM`, `USE_TYPE`, `USE_YN`, `REMARK`, `UPDATE_DT`) VALUES (1, 2, 'qc_cut_2', '수치검사', '검사', 1, NULL, '2021-09-26 22:02:45');
INSERT INTO `process` (`PLANT_CD`, `LINE_CD`, `PROCESS_CD`, `PROCESS_NM`, `USE_TYPE`, `USE_YN`, `REMARK`, `UPDATE_DT`) VALUES (1, 3, 'qc_cut_3', '수치검사', '검사', 1, NULL, '2021-09-26 22:02:45');
INSERT INTO `process` (`PLANT_CD`, `LINE_CD`, `PROCESS_CD`, `PROCESS_NM`, `USE_TYPE`, `USE_YN`, `REMARK`, `UPDATE_DT`) VALUES (2, 4, 'qc_cut_4', '수치검사', '검사', 1, NULL, '2021-09-26 22:02:45');
INSERT INTO `process` (`PLANT_CD`, `LINE_CD`, `PROCESS_CD`, `PROCESS_NM`, `USE_TYPE`, `USE_YN`, `REMARK`, `UPDATE_DT`) VALUES (2, 5, 'qc_cut_5', '수치검사', '검사', 1, NULL, '2021-09-26 22:02:45');
INSERT INTO `process` (`PLANT_CD`, `LINE_CD`, `PROCESS_CD`, `PROCESS_NM`, `USE_TYPE`, `USE_YN`, `REMARK`, `UPDATE_DT`) VALUES (2, 6, 'qc_cut_6', '수치검사', '검사', 1, NULL, '2021-09-26 22:02:45');
INSERT INTO `process` (`PLANT_CD`, `LINE_CD`, `PROCESS_CD`, `PROCESS_NM`, `USE_TYPE`, `USE_YN`, `REMARK`, `UPDATE_DT`) VALUES (1, 1, 'qc_drill_1', '홀검사', '검사', 1, NULL, '2021-09-26 22:02:45');
INSERT INTO `process` (`PLANT_CD`, `LINE_CD`, `PROCESS_CD`, `PROCESS_NM`, `USE_TYPE`, `USE_YN`, `REMARK`, `UPDATE_DT`) VALUES (1, 2, 'qc_drill_2', '홀검사', '검사', 1, NULL, '2021-09-26 22:02:45');
INSERT INTO `process` (`PLANT_CD`, `LINE_CD`, `PROCESS_CD`, `PROCESS_NM`, `USE_TYPE`, `USE_YN`, `REMARK`, `UPDATE_DT`) VALUES (1, 3, 'qc_drill_3', '홀검사', '검사', 1, NULL, '2021-09-26 22:02:45');
INSERT INTO `process` (`PLANT_CD`, `LINE_CD`, `PROCESS_CD`, `PROCESS_NM`, `USE_TYPE`, `USE_YN`, `REMARK`, `UPDATE_DT`) VALUES (2, 4, 'qc_drill_4', '홀검사', '검사', 1, NULL, '2021-09-26 22:02:45');
INSERT INTO `process` (`PLANT_CD`, `LINE_CD`, `PROCESS_CD`, `PROCESS_NM`, `USE_TYPE`, `USE_YN`, `REMARK`, `UPDATE_DT`) VALUES (2, 5, 'qc_drill_5', '홀검사', '검사', 1, NULL, '2021-09-26 22:02:45');
INSERT INTO `process` (`PLANT_CD`, `LINE_CD`, `PROCESS_CD`, `PROCESS_NM`, `USE_TYPE`, `USE_YN`, `REMARK`, `UPDATE_DT`) VALUES (2, 6, 'qc_drill_6', '홀검사', '검사', 1, NULL, '2021-09-26 22:02:45');

INSERT INTO `storage` (`PLANT_CD`, `STORAGE_CD`, `STORAGE_NM`, `STORAGE_TYPE`, `STORAGE_LOC`) VALUES (1, 1, '자재창고1', '자재', 'out_1');
INSERT INTO `storage` (`PLANT_CD`, `STORAGE_CD`, `STORAGE_NM`, `STORAGE_TYPE`, `STORAGE_LOC`) VALUES (1, 2, '제품창고1', '제품', 'out_1');
INSERT INTO `storage` (`PLANT_CD`, `STORAGE_CD`, `STORAGE_NM`, `STORAGE_TYPE`, `STORAGE_LOC`) VALUES (1, 3, '자재임시창고1', '자재', 'in_1');
INSERT INTO `storage` (`PLANT_CD`, `STORAGE_CD`, `STORAGE_NM`, `STORAGE_TYPE`, `STORAGE_LOC`) VALUES (1, 4, '제품임시창고1', '제품', 'in_1');
INSERT INTO `storage` (`PLANT_CD`, `STORAGE_CD`, `STORAGE_NM`, `STORAGE_TYPE`, `STORAGE_LOC`) VALUES (1, 5, '자재임시창고2', '자재', 'in_2');
INSERT INTO `storage` (`PLANT_CD`, `STORAGE_CD`, `STORAGE_NM`, `STORAGE_TYPE`, `STORAGE_LOC`) VALUES (1, 6, '제품임시창고2', '제품', 'in_2');
INSERT INTO `storage` (`PLANT_CD`, `STORAGE_CD`, `STORAGE_NM`, `STORAGE_TYPE`, `STORAGE_LOC`) VALUES (1, 7, '자재임시창고3', '자재', 'in_3');
INSERT INTO `storage` (`PLANT_CD`, `STORAGE_CD`, `STORAGE_NM`, `STORAGE_TYPE`, `STORAGE_LOC`) VALUES (1, 8, '제품임시창고3', '제품', 'in_3');
INSERT INTO `storage` (`PLANT_CD`, `STORAGE_CD`, `STORAGE_NM`, `STORAGE_TYPE`, `STORAGE_LOC`) VALUES (2, 9, '자재창고2', '자재', 'out_2');
INSERT INTO `storage` (`PLANT_CD`, `STORAGE_CD`, `STORAGE_NM`, `STORAGE_TYPE`, `STORAGE_LOC`) VALUES (2, 10, '제품창고2', '제품', 'out_2');
INSERT INTO `storage` (`PLANT_CD`, `STORAGE_CD`, `STORAGE_NM`, `STORAGE_TYPE`, `STORAGE_LOC`) VALUES (2, 11, '자재임시창고4', '자재', 'in_4');
INSERT INTO `storage` (`PLANT_CD`, `STORAGE_CD`, `STORAGE_NM`, `STORAGE_TYPE`, `STORAGE_LOC`) VALUES (2, 12, '제품임시창고4', '제품', 'in_4');
INSERT INTO `storage` (`PLANT_CD`, `STORAGE_CD`, `STORAGE_NM`, `STORAGE_TYPE`, `STORAGE_LOC`) VALUES (2, 13, '자재임시창고5', '자재', 'in_5');
INSERT INTO `storage` (`PLANT_CD`, `STORAGE_CD`, `STORAGE_NM`, `STORAGE_TYPE`, `STORAGE_LOC`) VALUES (2, 14, '제품임시창고5', '제품', 'in_5');
INSERT INTO `storage` (`PLANT_CD`, `STORAGE_CD`, `STORAGE_NM`, `STORAGE_TYPE`, `STORAGE_LOC`) VALUES (2, 15, '자재임시창고6', '자재', 'in_6');
INSERT INTO `storage` (`PLANT_CD`, `STORAGE_CD`, `STORAGE_NM`, `STORAGE_TYPE`, `STORAGE_LOC`) VALUES (2, 16, '제품임시창고6', '제품', 'in_6');

INSERT INTO `worker` (`PLANT_CD`, `LINE_CD`, `WORKER_NO`, `WORKER_LOC`, `WORKER_TIME`, `WORKER_NM`) VALUES (1, 1, 1, '생산', '주간', '김생산1');
INSERT INTO `worker` (`PLANT_CD`, `LINE_CD`, `WORKER_NO`, `WORKER_LOC`, `WORKER_TIME`, `WORKER_NM`) VALUES (1, 1, 2, '품질검사', '주간', '백검사1');
INSERT INTO `worker` (`PLANT_CD`, `LINE_CD`, `WORKER_NO`, `WORKER_LOC`, `WORKER_TIME`, `WORKER_NM`) VALUES (1, 1, 3, '생산', '주야간', '김생산2');
INSERT INTO `worker` (`PLANT_CD`, `LINE_CD`, `WORKER_NO`, `WORKER_LOC`, `WORKER_TIME`, `WORKER_NM`) VALUES (1, 1, 4, '품질검사', '주야간', '백검사2');
INSERT INTO `worker` (`PLANT_CD`, `LINE_CD`, `WORKER_NO`, `WORKER_LOC`, `WORKER_TIME`, `WORKER_NM`) VALUES (1, 1, 5, '생산', '야간', '김생산3');
INSERT INTO `worker` (`PLANT_CD`, `LINE_CD`, `WORKER_NO`, `WORKER_LOC`, `WORKER_TIME`, `WORKER_NM`) VALUES (1, 1, 6, '품질검사', '야간', '백검사3');
INSERT INTO `worker` (`PLANT_CD`, `LINE_CD`, `WORKER_NO`, `WORKER_LOC`, `WORKER_TIME`, `WORKER_NM`) VALUES (1, 2, 7, '생산', '주간', '김생산4');
INSERT INTO `worker` (`PLANT_CD`, `LINE_CD`, `WORKER_NO`, `WORKER_LOC`, `WORKER_TIME`, `WORKER_NM`) VALUES (1, 2, 8, '품질검사', '주간', '백검사4');
INSERT INTO `worker` (`PLANT_CD`, `LINE_CD`, `WORKER_NO`, `WORKER_LOC`, `WORKER_TIME`, `WORKER_NM`) VALUES (1, 2, 9, '생산', '주야간', '김생산5');
INSERT INTO `worker` (`PLANT_CD`, `LINE_CD`, `WORKER_NO`, `WORKER_LOC`, `WORKER_TIME`, `WORKER_NM`) VALUES (1, 2, 10, '품질검사', '주야간', '백검사5');
INSERT INTO `worker` (`PLANT_CD`, `LINE_CD`, `WORKER_NO`, `WORKER_LOC`, `WORKER_TIME`, `WORKER_NM`) VALUES (1, 2, 11, '생산', '야간', '김생산6');
INSERT INTO `worker` (`PLANT_CD`, `LINE_CD`, `WORKER_NO`, `WORKER_LOC`, `WORKER_TIME`, `WORKER_NM`) VALUES (1, 2, 12, '품질검사', '야간', '백검사6');
INSERT INTO `worker` (`PLANT_CD`, `LINE_CD`, `WORKER_NO`, `WORKER_LOC`, `WORKER_TIME`, `WORKER_NM`) VALUES (1, 3, 13, '생산', '주간', '김생산7');
INSERT INTO `worker` (`PLANT_CD`, `LINE_CD`, `WORKER_NO`, `WORKER_LOC`, `WORKER_TIME`, `WORKER_NM`) VALUES (1, 3, 14, '품질검사', '주간', '백검사7');
INSERT INTO `worker` (`PLANT_CD`, `LINE_CD`, `WORKER_NO`, `WORKER_LOC`, `WORKER_TIME`, `WORKER_NM`) VALUES (1, 3, 15, '생산', '주야간', '김생산8');
INSERT INTO `worker` (`PLANT_CD`, `LINE_CD`, `WORKER_NO`, `WORKER_LOC`, `WORKER_TIME`, `WORKER_NM`) VALUES (1, 3, 16, '품질검사', '주야간', '백검사8');
INSERT INTO `worker` (`PLANT_CD`, `LINE_CD`, `WORKER_NO`, `WORKER_LOC`, `WORKER_TIME`, `WORKER_NM`) VALUES (1, 3, 17, '생산', '야간', '김생산9');
INSERT INTO `worker` (`PLANT_CD`, `LINE_CD`, `WORKER_NO`, `WORKER_LOC`, `WORKER_TIME`, `WORKER_NM`) VALUES (1, 3, 18, '품질검사', '야간', '백검사9');
INSERT INTO `worker` (`PLANT_CD`, `LINE_CD`, `WORKER_NO`, `WORKER_LOC`, `WORKER_TIME`, `WORKER_NM`) VALUES (2, 4, 19, '생산', '주간', '김생산10');
INSERT INTO `worker` (`PLANT_CD`, `LINE_CD`, `WORKER_NO`, `WORKER_LOC`, `WORKER_TIME`, `WORKER_NM`) VALUES (2, 4, 20, '품질검사', '주간', '백검사10');
INSERT INTO `worker` (`PLANT_CD`, `LINE_CD`, `WORKER_NO`, `WORKER_LOC`, `WORKER_TIME`, `WORKER_NM`) VALUES (2, 4, 21, '생산', '주야간', '김생산11');
INSERT INTO `worker` (`PLANT_CD`, `LINE_CD`, `WORKER_NO`, `WORKER_LOC`, `WORKER_TIME`, `WORKER_NM`) VALUES (2, 4, 22, '품질검사', '주야간', '백검사11');
INSERT INTO `worker` (`PLANT_CD`, `LINE_CD`, `WORKER_NO`, `WORKER_LOC`, `WORKER_TIME`, `WORKER_NM`) VALUES (2, 4, 23, '생산', '야간', '김생산12');
INSERT INTO `worker` (`PLANT_CD`, `LINE_CD`, `WORKER_NO`, `WORKER_LOC`, `WORKER_TIME`, `WORKER_NM`) VALUES (2, 4, 24, '품질검사', '야간', '백검사12');
INSERT INTO `worker` (`PLANT_CD`, `LINE_CD`, `WORKER_NO`, `WORKER_LOC`, `WORKER_TIME`, `WORKER_NM`) VALUES (2, 5, 25, '생산', '주간', '김생산13');
INSERT INTO `worker` (`PLANT_CD`, `LINE_CD`, `WORKER_NO`, `WORKER_LOC`, `WORKER_TIME`, `WORKER_NM`) VALUES (2, 5, 26, '품질검사', '주간', '백검사13');
INSERT INTO `worker` (`PLANT_CD`, `LINE_CD`, `WORKER_NO`, `WORKER_LOC`, `WORKER_TIME`, `WORKER_NM`) VALUES (2, 5, 27, '생산', '주야간', '김생산14');
INSERT INTO `worker` (`PLANT_CD`, `LINE_CD`, `WORKER_NO`, `WORKER_LOC`, `WORKER_TIME`, `WORKER_NM`) VALUES (2, 5, 28, '품질검사', '주야간', '백검사14');
INSERT INTO `worker` (`PLANT_CD`, `LINE_CD`, `WORKER_NO`, `WORKER_LOC`, `WORKER_TIME`, `WORKER_NM`) VALUES (2, 5, 29, '생산', '야간', '김생산15');
INSERT INTO `worker` (`PLANT_CD`, `LINE_CD`, `WORKER_NO`, `WORKER_LOC`, `WORKER_TIME`, `WORKER_NM`) VALUES (2, 5, 30, '품질검사', '야간', '백검사15');
INSERT INTO `worker` (`PLANT_CD`, `LINE_CD`, `WORKER_NO`, `WORKER_LOC`, `WORKER_TIME`, `WORKER_NM`) VALUES (2, 6, 31, '생산', '주간', '김생산16');
INSERT INTO `worker` (`PLANT_CD`, `LINE_CD`, `WORKER_NO`, `WORKER_LOC`, `WORKER_TIME`, `WORKER_NM`) VALUES (2, 6, 32, '품질검사', '주간', '백검사16');
INSERT INTO `worker` (`PLANT_CD`, `LINE_CD`, `WORKER_NO`, `WORKER_LOC`, `WORKER_TIME`, `WORKER_NM`) VALUES (2, 6, 33, '생산', '주야간', '김생산17');
INSERT INTO `worker` (`PLANT_CD`, `LINE_CD`, `WORKER_NO`, `WORKER_LOC`, `WORKER_TIME`, `WORKER_NM`) VALUES (2, 6, 34, '품질검사', '주야간', '백검사17');
INSERT INTO `worker` (`PLANT_CD`, `LINE_CD`, `WORKER_NO`, `WORKER_LOC`, `WORKER_TIME`, `WORKER_NM`) VALUES (2, 6, 35, '생산', '야간', '김생산18');
INSERT INTO `worker` (`PLANT_CD`, `LINE_CD`, `WORKER_NO`, `WORKER_LOC`, `WORKER_TIME`, `WORKER_NM`) VALUES (2, 6, 36, '품질검사', '야간', '백검사18');

INSERT INTO `equipment` (`EQUIP_ID`, `PLANT_CD`, `LINE_CD`, `PROCESS_CD`, `EQUIP_CD`, `EQUIP_NM`, `EQUIP_MODEL`, `CHECK_TERM`, `USE_TYPE`, `USE_YN`, `ERROR_CD`, `RUN_TIME`) VALUES (1, 1, 1, 'cut_1', 'eq_cut', '커팅머신1호기', 'CM-1', 30, '생산', 1, NULL, 200);
INSERT INTO `equipment` (`EQUIP_ID`, `PLANT_CD`, `LINE_CD`, `PROCESS_CD`, `EQUIP_CD`, `EQUIP_NM`, `EQUIP_MODEL`, `CHECK_TERM`, `USE_TYPE`, `USE_YN`, `ERROR_CD`, `RUN_TIME`) VALUES (2, 1, 1, 'drill_1', 'eq_dril', '드릴링머신1호기', 'DM-1', 30, '생산', 1, NULL, 200);
INSERT INTO `equipment` (`EQUIP_ID`, `PLANT_CD`, `LINE_CD`, `PROCESS_CD`, `EQUIP_CD`, `EQUIP_NM`, `EQUIP_MODEL`, `CHECK_TERM`, `USE_TYPE`, `USE_YN`, `ERROR_CD`, `RUN_TIME`) VALUES (3, 1, 1, 'assem_1', 'eq_assem', '조립로봇1호기', 'AR-1', 30, '생산', 1, NULL, 200);
INSERT INTO `equipment` (`EQUIP_ID`, `PLANT_CD`, `LINE_CD`, `PROCESS_CD`, `EQUIP_CD`, `EQUIP_NM`, `EQUIP_MODEL`, `CHECK_TERM`, `USE_TYPE`, `USE_YN`, `ERROR_CD`, `RUN_TIME`) VALUES (4, 1, 1, 'qc_cut_1', 'eq_qc_cut', '치수검사기1호기', 'DMI-1', 30, '검사', 1, NULL, 200);
INSERT INTO `equipment` (`EQUIP_ID`, `PLANT_CD`, `LINE_CD`, `PROCESS_CD`, `EQUIP_CD`, `EQUIP_NM`, `EQUIP_MODEL`, `CHECK_TERM`, `USE_TYPE`, `USE_YN`, `ERROR_CD`, `RUN_TIME`) VALUES (5, 1, 1, 'qc_drill_1', 'eq_qc_dril', '홀검사기1호기', 'HMI-1', 30, '검사', 1, NULL, 200);
INSERT INTO `equipment` (`EQUIP_ID`, `PLANT_CD`, `LINE_CD`, `PROCESS_CD`, `EQUIP_CD`, `EQUIP_NM`, `EQUIP_MODEL`, `CHECK_TERM`, `USE_TYPE`, `USE_YN`, `ERROR_CD`, `RUN_TIME`) VALUES (6, 1, 2, 'cut_2', 'eq_cut', '커팅머신2호기', 'CM-1', 30, '생산', 1, NULL, 0);
INSERT INTO `equipment` (`EQUIP_ID`, `PLANT_CD`, `LINE_CD`, `PROCESS_CD`, `EQUIP_CD`, `EQUIP_NM`, `EQUIP_MODEL`, `CHECK_TERM`, `USE_TYPE`, `USE_YN`, `ERROR_CD`, `RUN_TIME`) VALUES (7, 1, 2, 'drill_2', 'eq_dril', '드릴링머신2호기', 'DM-1', 30, '생산', 1, NULL, 0);
INSERT INTO `equipment` (`EQUIP_ID`, `PLANT_CD`, `LINE_CD`, `PROCESS_CD`, `EQUIP_CD`, `EQUIP_NM`, `EQUIP_MODEL`, `CHECK_TERM`, `USE_TYPE`, `USE_YN`, `ERROR_CD`, `RUN_TIME`) VALUES (8, 1, 2, 'assem_2', 'eq_assem', '조립로봇2호기', 'AR-1', 30, '생산', 1, NULL, 0);
INSERT INTO `equipment` (`EQUIP_ID`, `PLANT_CD`, `LINE_CD`, `PROCESS_CD`, `EQUIP_CD`, `EQUIP_NM`, `EQUIP_MODEL`, `CHECK_TERM`, `USE_TYPE`, `USE_YN`, `ERROR_CD`, `RUN_TIME`) VALUES (9, 1, 2, 'qc_cut_2', 'eq_qc_cut', '치수검사기2호기', 'DMI-1', 30, '검사', 1, NULL, 0);
INSERT INTO `equipment` (`EQUIP_ID`, `PLANT_CD`, `LINE_CD`, `PROCESS_CD`, `EQUIP_CD`, `EQUIP_NM`, `EQUIP_MODEL`, `CHECK_TERM`, `USE_TYPE`, `USE_YN`, `ERROR_CD`, `RUN_TIME`) VALUES (10, 1, 2, 'qc_drill_2', 'eq_qc_dril', '홀검사기2호기', 'HMI-1', 30, '검사', 1, NULL, 0);
INSERT INTO `equipment` (`EQUIP_ID`, `PLANT_CD`, `LINE_CD`, `PROCESS_CD`, `EQUIP_CD`, `EQUIP_NM`, `EQUIP_MODEL`, `CHECK_TERM`, `USE_TYPE`, `USE_YN`, `ERROR_CD`, `RUN_TIME`) VALUES (11, 1, 3, 'cut_3', 'eq_cut', '커팅머신3호기', 'CM-2', 30, '생산', 1, NULL, 0);
INSERT INTO `equipment` (`EQUIP_ID`, `PLANT_CD`, `LINE_CD`, `PROCESS_CD`, `EQUIP_CD`, `EQUIP_NM`, `EQUIP_MODEL`, `CHECK_TERM`, `USE_TYPE`, `USE_YN`, `ERROR_CD`, `RUN_TIME`) VALUES (12, 1, 3, 'drill_3', 'eq_dril', '드릴링머신3호기', 'DM-2', 30, '생산', 0, 3, 0);
INSERT INTO `equipment` (`EQUIP_ID`, `PLANT_CD`, `LINE_CD`, `PROCESS_CD`, `EQUIP_CD`, `EQUIP_NM`, `EQUIP_MODEL`, `CHECK_TERM`, `USE_TYPE`, `USE_YN`, `ERROR_CD`, `RUN_TIME`) VALUES (13, 1, 3, 'assem_3', 'eq_assem', '조립로봇3호기', 'AR-2', 30, '생산', 1, NULL, 0);
INSERT INTO `equipment` (`EQUIP_ID`, `PLANT_CD`, `LINE_CD`, `PROCESS_CD`, `EQUIP_CD`, `EQUIP_NM`, `EQUIP_MODEL`, `CHECK_TERM`, `USE_TYPE`, `USE_YN`, `ERROR_CD`, `RUN_TIME`) VALUES (14, 1, 3, 'qc_cut_3', 'eq_qc_cut', '치수검사기3호기', 'DMI-2', 30, '검사', 1, NULL, 0);
INSERT INTO `equipment` (`EQUIP_ID`, `PLANT_CD`, `LINE_CD`, `PROCESS_CD`, `EQUIP_CD`, `EQUIP_NM`, `EQUIP_MODEL`, `CHECK_TERM`, `USE_TYPE`, `USE_YN`, `ERROR_CD`, `RUN_TIME`) VALUES (15, 1, 3, 'qc_drill_3', 'eq_qc_dril', '홀검사기3호기', 'HMI-2', 30, '검사', 1, NULL, 0);
INSERT INTO `equipment` (`EQUIP_ID`, `PLANT_CD`, `LINE_CD`, `PROCESS_CD`, `EQUIP_CD`, `EQUIP_NM`, `EQUIP_MODEL`, `CHECK_TERM`, `USE_TYPE`, `USE_YN`, `ERROR_CD`, `RUN_TIME`) VALUES (16, 2, 4, 'cut_4', 'eq_cut', '커팅머신4호기', 'CM-2', 30, '생산', 1, NULL, 608);
INSERT INTO `equipment` (`EQUIP_ID`, `PLANT_CD`, `LINE_CD`, `PROCESS_CD`, `EQUIP_CD`, `EQUIP_NM`, `EQUIP_MODEL`, `CHECK_TERM`, `USE_TYPE`, `USE_YN`, `ERROR_CD`, `RUN_TIME`) VALUES (17, 2, 4, 'drill_4', 'eq_dril', '드릴링머신4호기', 'DM-2', 30, '생산', 1, NULL, 608);
INSERT INTO `equipment` (`EQUIP_ID`, `PLANT_CD`, `LINE_CD`, `PROCESS_CD`, `EQUIP_CD`, `EQUIP_NM`, `EQUIP_MODEL`, `CHECK_TERM`, `USE_TYPE`, `USE_YN`, `ERROR_CD`, `RUN_TIME`) VALUES (18, 2, 4, 'assem_4', 'eq_assem', '조립로봇4호기', 'AR-2', 30, '생산', 1, NULL, 608);
INSERT INTO `equipment` (`EQUIP_ID`, `PLANT_CD`, `LINE_CD`, `PROCESS_CD`, `EQUIP_CD`, `EQUIP_NM`, `EQUIP_MODEL`, `CHECK_TERM`, `USE_TYPE`, `USE_YN`, `ERROR_CD`, `RUN_TIME`) VALUES (19, 2, 4, 'qc_cut_4', 'eq_qc_cut', '치수검사기4호기', 'DMI-2', 30, '검사', 1, NULL, 608);
INSERT INTO `equipment` (`EQUIP_ID`, `PLANT_CD`, `LINE_CD`, `PROCESS_CD`, `EQUIP_CD`, `EQUIP_NM`, `EQUIP_MODEL`, `CHECK_TERM`, `USE_TYPE`, `USE_YN`, `ERROR_CD`, `RUN_TIME`) VALUES (20, 2, 4, 'qc_drill_4', 'eq_qc_dril', '홀검사기4호기', 'HMI-2', 30, '검사', 1, NULL, 608);
INSERT INTO `equipment` (`EQUIP_ID`, `PLANT_CD`, `LINE_CD`, `PROCESS_CD`, `EQUIP_CD`, `EQUIP_NM`, `EQUIP_MODEL`, `CHECK_TERM`, `USE_TYPE`, `USE_YN`, `ERROR_CD`, `RUN_TIME`) VALUES (21, 2, 5, 'cut_5', 'eq_cut', '커팅머신5호기', 'CM-3', 30, '생산', 1, NULL, 597);
INSERT INTO `equipment` (`EQUIP_ID`, `PLANT_CD`, `LINE_CD`, `PROCESS_CD`, `EQUIP_CD`, `EQUIP_NM`, `EQUIP_MODEL`, `CHECK_TERM`, `USE_TYPE`, `USE_YN`, `ERROR_CD`, `RUN_TIME`) VALUES (22, 2, 5, 'drill_5', 'eq_dril', '드릴링머신5호기', 'DM-3', 30, '생산', 1, NULL, 597);
INSERT INTO `equipment` (`EQUIP_ID`, `PLANT_CD`, `LINE_CD`, `PROCESS_CD`, `EQUIP_CD`, `EQUIP_NM`, `EQUIP_MODEL`, `CHECK_TERM`, `USE_TYPE`, `USE_YN`, `ERROR_CD`, `RUN_TIME`) VALUES (23, 2, 5, 'assem_5', 'eq_assem', '조립로봇5호기', 'AR-3', 30, '생산', 1, NULL, 597);
INSERT INTO `equipment` (`EQUIP_ID`, `PLANT_CD`, `LINE_CD`, `PROCESS_CD`, `EQUIP_CD`, `EQUIP_NM`, `EQUIP_MODEL`, `CHECK_TERM`, `USE_TYPE`, `USE_YN`, `ERROR_CD`, `RUN_TIME`) VALUES (24, 2, 5, 'qc_cut_5', 'eq_qc_cut', '치수검사기5호기', 'DMI-3', 30, '검사', 1, NULL, 597);
INSERT INTO `equipment` (`EQUIP_ID`, `PLANT_CD`, `LINE_CD`, `PROCESS_CD`, `EQUIP_CD`, `EQUIP_NM`, `EQUIP_MODEL`, `CHECK_TERM`, `USE_TYPE`, `USE_YN`, `ERROR_CD`, `RUN_TIME`) VALUES (25, 2, 5, 'qc_drill_5', 'eq_qc_dril', '홀검사기5호기', 'HMI-3', 30, '검사', 1, NULL, 597);
INSERT INTO `equipment` (`EQUIP_ID`, `PLANT_CD`, `LINE_CD`, `PROCESS_CD`, `EQUIP_CD`, `EQUIP_NM`, `EQUIP_MODEL`, `CHECK_TERM`, `USE_TYPE`, `USE_YN`, `ERROR_CD`, `RUN_TIME`) VALUES (26, 2, 6, 'cut_6', 'eq_cut', '커팅머신6호기', 'CM-3', 30, '생산', 1, NULL, 0);
INSERT INTO `equipment` (`EQUIP_ID`, `PLANT_CD`, `LINE_CD`, `PROCESS_CD`, `EQUIP_CD`, `EQUIP_NM`, `EQUIP_MODEL`, `CHECK_TERM`, `USE_TYPE`, `USE_YN`, `ERROR_CD`, `RUN_TIME`) VALUES (27, 2, 6, 'drill_6', 'eq_dril', '드릴링머신6호기', 'DM-3', 30, '생산', 1, NULL, 0);
INSERT INTO `equipment` (`EQUIP_ID`, `PLANT_CD`, `LINE_CD`, `PROCESS_CD`, `EQUIP_CD`, `EQUIP_NM`, `EQUIP_MODEL`, `CHECK_TERM`, `USE_TYPE`, `USE_YN`, `ERROR_CD`, `RUN_TIME`) VALUES (28, 2, 6, 'assem_6', 'eq_assem', '조립로봇6호기', 'AR-3', 30, '생산', 1, NULL, 0);
INSERT INTO `equipment` (`EQUIP_ID`, `PLANT_CD`, `LINE_CD`, `PROCESS_CD`, `EQUIP_CD`, `EQUIP_NM`, `EQUIP_MODEL`, `CHECK_TERM`, `USE_TYPE`, `USE_YN`, `ERROR_CD`, `RUN_TIME`) VALUES (29, 2, 6, 'qc_cut_6', 'eq_qc_cut', '치수검사기6호기', 'DMI-3', 30, '검사', 1, NULL, 0);
INSERT INTO `equipment` (`EQUIP_ID`, `PLANT_CD`, `LINE_CD`, `PROCESS_CD`, `EQUIP_CD`, `EQUIP_NM`, `EQUIP_MODEL`, `CHECK_TERM`, `USE_TYPE`, `USE_YN`, `ERROR_CD`, `RUN_TIME`) VALUES (30, 2, 6, 'qc_drill_6', 'eq_qc_dril', '홀검사기6호기', 'HMI-3', 30, '검사', 1, NULL, 0);

INSERT INTO `item` (`ITEM_CD`, `CUST_CD`, `ITEM_TYPE`, `ITEM_NM`, `ITEM_SPEC1`, `ITEM_SPEC2`, `ITEM_SPEC3`, `ITEM_SPEC4`, `ITEM_SPEC5`, `ITEM_SPEC6`, `ITEM_SPEC7`, `ITEM_SPEC8`, `UPDATE_DT`) VALUES (0, 0, '내부', '내부', NULL, NULL, NULL, NULL, NULL, NULL, NULL, NULL, '2021-10-08 12:29:30');
INSERT INTO `item` (`ITEM_CD`, `CUST_CD`, `ITEM_TYPE`, `ITEM_NM`, `ITEM_SPEC1`, `ITEM_SPEC2`, `ITEM_SPEC3`, `ITEM_SPEC4`, `ITEM_SPEC5`, `ITEM_SPEC6`, `ITEM_SPEC7`, `ITEM_SPEC8`, `UPDATE_DT`) VALUES (1, 1, '제품', '자동차부품_1', NULL, NULL, NULL, NULL, NULL, NULL, NULL, NULL, '2021-09-26 22:02:49');
INSERT INTO `item` (`ITEM_CD`, `CUST_CD`, `ITEM_TYPE`, `ITEM_NM`, `ITEM_SPEC1`, `ITEM_SPEC2`, `ITEM_SPEC3`, `ITEM_SPEC4`, `ITEM_SPEC5`, `ITEM_SPEC6`, `ITEM_SPEC7`, `ITEM_SPEC8`, `UPDATE_DT`) VALUES (2, 2, '제품', '자동차부품_2', NULL, NULL, NULL, NULL, NULL, NULL, NULL, NULL, '2021-09-26 22:02:49');
INSERT INTO `item` (`ITEM_CD`, `CUST_CD`, `ITEM_TYPE`, `ITEM_NM`, `ITEM_SPEC1`, `ITEM_SPEC2`, `ITEM_SPEC3`, `ITEM_SPEC4`, `ITEM_SPEC5`, `ITEM_SPEC6`, `ITEM_SPEC7`, `ITEM_SPEC8`, `UPDATE_DT`) VALUES (3, 3, '제품', '자동차부품_3', NULL, NULL, NULL, NULL, NULL, NULL, NULL, NULL, '2021-09-26 22:02:49');
INSERT INTO `item` (`ITEM_CD`, `CUST_CD`, `ITEM_TYPE`, `ITEM_NM`, `ITEM_SPEC1`, `ITEM_SPEC2`, `ITEM_SPEC3`, `ITEM_SPEC4`, `ITEM_SPEC5`, `ITEM_SPEC6`, `ITEM_SPEC7`, `ITEM_SPEC8`, `UPDATE_DT`) VALUES (4, 4, '자재', '자재_1', NULL, NULL, NULL, NULL, NULL, NULL, NULL, NULL, '2021-09-26 22:02:49');
INSERT INTO `item` (`ITEM_CD`, `CUST_CD`, `ITEM_TYPE`, `ITEM_NM`, `ITEM_SPEC1`, `ITEM_SPEC2`, `ITEM_SPEC3`, `ITEM_SPEC4`, `ITEM_SPEC5`, `ITEM_SPEC6`, `ITEM_SPEC7`, `ITEM_SPEC8`, `UPDATE_DT`) VALUES (5, 5, '자재', '자재_2', NULL, NULL, NULL, NULL, NULL, NULL, NULL, NULL, '2021-09-26 22:02:49');
INSERT INTO `item` (`ITEM_CD`, `CUST_CD`, `ITEM_TYPE`, `ITEM_NM`, `ITEM_SPEC1`, `ITEM_SPEC2`, `ITEM_SPEC3`, `ITEM_SPEC4`, `ITEM_SPEC5`, `ITEM_SPEC6`, `ITEM_SPEC7`, `ITEM_SPEC8`, `UPDATE_DT`) VALUES (6, 6, '자재', '자재_3', NULL, NULL, NULL, NULL, NULL, NULL, NULL, NULL, '2021-09-26 22:02:49');

INSERT INTO `item_stock` (`STOCK_NO`, `ITEM_CD`, `ITEM_TYPE`, `STORAGE_CD`, `STORAGE_NM`, `ITEM_QTY`, `UPDATE_DT`) VALUES (1, 1, '제품', 2, '제품창고1', 5, '2021-09-26 22:03:19');
INSERT INTO `item_stock` (`STOCK_NO`, `ITEM_CD`, `ITEM_TYPE`, `STORAGE_CD`, `STORAGE_NM`, `ITEM_QTY`, `UPDATE_DT`) VALUES (2, 1, '제품', 10, '제품창고2', 5, '2021-09-26 22:03:19');
INSERT INTO `item_stock` (`STOCK_NO`, `ITEM_CD`, `ITEM_TYPE`, `STORAGE_CD`, `STORAGE_NM`, `ITEM_QTY`, `UPDATE_DT`) VALUES (3, 1, '제품', 4, '제품임시창고1', 0, '2021-09-26 22:03:19');
INSERT INTO `item_stock` (`STOCK_NO`, `ITEM_CD`, `ITEM_TYPE`, `STORAGE_CD`, `STORAGE_NM`, `ITEM_QTY`, `UPDATE_DT`) VALUES (4, 1, '제품', 6, '제품임시창고2', 0, '2021-09-26 22:03:19');
INSERT INTO `item_stock` (`STOCK_NO`, `ITEM_CD`, `ITEM_TYPE`, `STORAGE_CD`, `STORAGE_NM`, `ITEM_QTY`, `UPDATE_DT`) VALUES (5, 1, '제품', 8, '제품임시창고3', 0, '2021-09-26 22:03:19');
INSERT INTO `item_stock` (`STOCK_NO`, `ITEM_CD`, `ITEM_TYPE`, `STORAGE_CD`, `STORAGE_NM`, `ITEM_QTY`, `UPDATE_DT`) VALUES (6, 1, '제품', 12, '제품임시창고4', 0, '2021-09-26 22:03:19');
INSERT INTO `item_stock` (`STOCK_NO`, `ITEM_CD`, `ITEM_TYPE`, `STORAGE_CD`, `STORAGE_NM`, `ITEM_QTY`, `UPDATE_DT`) VALUES (7, 1, '제품', 14, '제품임시창고5', 0, '2021-09-26 22:03:19');
INSERT INTO `item_stock` (`STOCK_NO`, `ITEM_CD`, `ITEM_TYPE`, `STORAGE_CD`, `STORAGE_NM`, `ITEM_QTY`, `UPDATE_DT`) VALUES (8, 1, '제품', 16, '제품임시창고6', 0, '2021-09-26 22:03:19');
INSERT INTO `item_stock` (`STOCK_NO`, `ITEM_CD`, `ITEM_TYPE`, `STORAGE_CD`, `STORAGE_NM`, `ITEM_QTY`, `UPDATE_DT`) VALUES (9, 2, '제품', 2, '제품창고1', 5, '2021-09-26 22:03:19');
INSERT INTO `item_stock` (`STOCK_NO`, `ITEM_CD`, `ITEM_TYPE`, `STORAGE_CD`, `STORAGE_NM`, `ITEM_QTY`, `UPDATE_DT`) VALUES (10, 2, '제품', 10, '제품창고2', 5, '2021-09-26 22:03:19');
INSERT INTO `item_stock` (`STOCK_NO`, `ITEM_CD`, `ITEM_TYPE`, `STORAGE_CD`, `STORAGE_NM`, `ITEM_QTY`, `UPDATE_DT`) VALUES (11, 2, '제품', 4, '제품임시창고1', 0, '2021-09-26 22:03:19');
INSERT INTO `item_stock` (`STOCK_NO`, `ITEM_CD`, `ITEM_TYPE`, `STORAGE_CD`, `STORAGE_NM`, `ITEM_QTY`, `UPDATE_DT`) VALUES (12, 2, '제품', 6, '제품임시창고2', 0, '2021-09-26 22:03:19');
INSERT INTO `item_stock` (`STOCK_NO`, `ITEM_CD`, `ITEM_TYPE`, `STORAGE_CD`, `STORAGE_NM`, `ITEM_QTY`, `UPDATE_DT`) VALUES (13, 2, '제품', 8, '제품임시창고3', 0, '2021-09-26 22:03:19');
INSERT INTO `item_stock` (`STOCK_NO`, `ITEM_CD`, `ITEM_TYPE`, `STORAGE_CD`, `STORAGE_NM`, `ITEM_QTY`, `UPDATE_DT`) VALUES (14, 2, '제품', 12, '제품임시창고4', 0, '2021-09-26 22:03:19');
INSERT INTO `item_stock` (`STOCK_NO`, `ITEM_CD`, `ITEM_TYPE`, `STORAGE_CD`, `STORAGE_NM`, `ITEM_QTY`, `UPDATE_DT`) VALUES (15, 2, '제품', 14, '제품임시창고5', 0, '2021-09-26 22:03:19');
INSERT INTO `item_stock` (`STOCK_NO`, `ITEM_CD`, `ITEM_TYPE`, `STORAGE_CD`, `STORAGE_NM`, `ITEM_QTY`, `UPDATE_DT`) VALUES (16, 2, '제품', 16, '제품임시창고6', 0, '2021-09-26 22:03:19');
INSERT INTO `item_stock` (`STOCK_NO`, `ITEM_CD`, `ITEM_TYPE`, `STORAGE_CD`, `STORAGE_NM`, `ITEM_QTY`, `UPDATE_DT`) VALUES (17, 3, '제품', 2, '제품창고1', 5, '2021-10-05 07:20:01');
INSERT INTO `item_stock` (`STOCK_NO`, `ITEM_CD`, `ITEM_TYPE`, `STORAGE_CD`, `STORAGE_NM`, `ITEM_QTY`, `UPDATE_DT`) VALUES (18, 3, '제품', 10, '제품창고2', 5, '2021-09-26 22:03:19');
INSERT INTO `item_stock` (`STOCK_NO`, `ITEM_CD`, `ITEM_TYPE`, `STORAGE_CD`, `STORAGE_NM`, `ITEM_QTY`, `UPDATE_DT`) VALUES (19, 3, '제품', 4, '제품임시창고1', 0, '2021-10-05 07:20:01');
INSERT INTO `item_stock` (`STOCK_NO`, `ITEM_CD`, `ITEM_TYPE`, `STORAGE_CD`, `STORAGE_NM`, `ITEM_QTY`, `UPDATE_DT`) VALUES (20, 3, '제품', 6, '제품임시창고2', 0, '2021-09-26 22:03:19');
INSERT INTO `item_stock` (`STOCK_NO`, `ITEM_CD`, `ITEM_TYPE`, `STORAGE_CD`, `STORAGE_NM`, `ITEM_QTY`, `UPDATE_DT`) VALUES (21, 3, '제품', 8, '제품임시창고3', 0, '2021-09-26 22:03:19');
INSERT INTO `item_stock` (`STOCK_NO`, `ITEM_CD`, `ITEM_TYPE`, `STORAGE_CD`, `STORAGE_NM`, `ITEM_QTY`, `UPDATE_DT`) VALUES (22, 3, '제품', 12, '제품임시창고4', 0, '2021-09-26 22:03:19');
INSERT INTO `item_stock` (`STOCK_NO`, `ITEM_CD`, `ITEM_TYPE`, `STORAGE_CD`, `STORAGE_NM`, `ITEM_QTY`, `UPDATE_DT`) VALUES (23, 3, '제품', 14, '제품임시창고5', 0, '2021-09-26 22:03:19');
INSERT INTO `item_stock` (`STOCK_NO`, `ITEM_CD`, `ITEM_TYPE`, `STORAGE_CD`, `STORAGE_NM`, `ITEM_QTY`, `UPDATE_DT`) VALUES (24, 3, '제품', 16, '제품임시창고6', 0, '2021-09-26 22:03:19');
INSERT INTO `item_stock` (`STOCK_NO`, `ITEM_CD`, `ITEM_TYPE`, `STORAGE_CD`, `STORAGE_NM`, `ITEM_QTY`, `UPDATE_DT`) VALUES (25, 4, '자재', 1, '자재창고1', 100, '2021-10-05 07:00:01');
INSERT INTO `item_stock` (`STOCK_NO`, `ITEM_CD`, `ITEM_TYPE`, `STORAGE_CD`, `STORAGE_NM`, `ITEM_QTY`, `UPDATE_DT`) VALUES (26, 4, '자재', 9, '자재창고2', 100, '2021-10-05 15:00:01');
INSERT INTO `item_stock` (`STOCK_NO`, `ITEM_CD`, `ITEM_TYPE`, `STORAGE_CD`, `STORAGE_NM`, `ITEM_QTY`, `UPDATE_DT`) VALUES (27, 4, '자재', 3, '자재임시창고1', 0, '2021-10-05 07:00:01');
INSERT INTO `item_stock` (`STOCK_NO`, `ITEM_CD`, `ITEM_TYPE`, `STORAGE_CD`, `STORAGE_NM`, `ITEM_QTY`, `UPDATE_DT`) VALUES (28, 4, '자재', 5, '자재임시창고2', 0, '2021-09-26 22:03:19');
INSERT INTO `item_stock` (`STOCK_NO`, `ITEM_CD`, `ITEM_TYPE`, `STORAGE_CD`, `STORAGE_NM`, `ITEM_QTY`, `UPDATE_DT`) VALUES (29, 4, '자재', 7, '자재임시창고3', 0, '2021-09-26 22:03:19');
INSERT INTO `item_stock` (`STOCK_NO`, `ITEM_CD`, `ITEM_TYPE`, `STORAGE_CD`, `STORAGE_NM`, `ITEM_QTY`, `UPDATE_DT`) VALUES (30, 4, '자재', 11, '자재임시창고4', 0, '2021-10-05 15:00:01');
INSERT INTO `item_stock` (`STOCK_NO`, `ITEM_CD`, `ITEM_TYPE`, `STORAGE_CD`, `STORAGE_NM`, `ITEM_QTY`, `UPDATE_DT`) VALUES (31, 4, '자재', 13, '자재임시창고5', 0, '2021-10-05 23:00:01');
INSERT INTO `item_stock` (`STOCK_NO`, `ITEM_CD`, `ITEM_TYPE`, `STORAGE_CD`, `STORAGE_NM`, `ITEM_QTY`, `UPDATE_DT`) VALUES (32, 4, '자재', 15, '자재임시창고6', 0, '2021-09-26 22:03:19');
INSERT INTO `item_stock` (`STOCK_NO`, `ITEM_CD`, `ITEM_TYPE`, `STORAGE_CD`, `STORAGE_NM`, `ITEM_QTY`, `UPDATE_DT`) VALUES (33, 5, '자재', 1, '자재창고1', 100, '2021-10-05 07:00:01');
INSERT INTO `item_stock` (`STOCK_NO`, `ITEM_CD`, `ITEM_TYPE`, `STORAGE_CD`, `STORAGE_NM`, `ITEM_QTY`, `UPDATE_DT`) VALUES (34, 5, '자재', 9, '자재창고2', 100, '2021-10-05 15:00:01');
INSERT INTO `item_stock` (`STOCK_NO`, `ITEM_CD`, `ITEM_TYPE`, `STORAGE_CD`, `STORAGE_NM`, `ITEM_QTY`, `UPDATE_DT`) VALUES (35, 5, '자재', 3, '자재임시창고1', 0, '2021-10-05 07:00:01');
INSERT INTO `item_stock` (`STOCK_NO`, `ITEM_CD`, `ITEM_TYPE`, `STORAGE_CD`, `STORAGE_NM`, `ITEM_QTY`, `UPDATE_DT`) VALUES (36, 5, '자재', 5, '자재임시창고2', 0, '2021-09-26 22:03:19');
INSERT INTO `item_stock` (`STOCK_NO`, `ITEM_CD`, `ITEM_TYPE`, `STORAGE_CD`, `STORAGE_NM`, `ITEM_QTY`, `UPDATE_DT`) VALUES (37, 5, '자재', 7, '자재임시창고3', 0, '2021-09-26 22:03:19');
INSERT INTO `item_stock` (`STOCK_NO`, `ITEM_CD`, `ITEM_TYPE`, `STORAGE_CD`, `STORAGE_NM`, `ITEM_QTY`, `UPDATE_DT`) VALUES (38, 5, '자재', 11, '자재임시창고4', 0, '2021-10-05 15:00:01');
INSERT INTO `item_stock` (`STOCK_NO`, `ITEM_CD`, `ITEM_TYPE`, `STORAGE_CD`, `STORAGE_NM`, `ITEM_QTY`, `UPDATE_DT`) VALUES (39, 5, '자재', 13, '자재임시창고5', 0, '2021-10-05 23:00:01');
INSERT INTO `item_stock` (`STOCK_NO`, `ITEM_CD`, `ITEM_TYPE`, `STORAGE_CD`, `STORAGE_NM`, `ITEM_QTY`, `UPDATE_DT`) VALUES (40, 5, '자재', 15, '자재임시창고6', 0, '2021-09-26 22:03:19');
INSERT INTO `item_stock` (`STOCK_NO`, `ITEM_CD`, `ITEM_TYPE`, `STORAGE_CD`, `STORAGE_NM`, `ITEM_QTY`, `UPDATE_DT`) VALUES (41, 6, '자재', 1, '자재창고1', 100, '2021-10-05 07:00:01');
INSERT INTO `item_stock` (`STOCK_NO`, `ITEM_CD`, `ITEM_TYPE`, `STORAGE_CD`, `STORAGE_NM`, `ITEM_QTY`, `UPDATE_DT`) VALUES (42, 6, '자재', 9, '자재창고2', 100, '2021-10-05 15:00:01');
INSERT INTO `item_stock` (`STOCK_NO`, `ITEM_CD`, `ITEM_TYPE`, `STORAGE_CD`, `STORAGE_NM`, `ITEM_QTY`, `UPDATE_DT`) VALUES (43, 6, '자재', 3, '자재임시창고1', 0, '2021-10-05 07:00:01');
INSERT INTO `item_stock` (`STOCK_NO`, `ITEM_CD`, `ITEM_TYPE`, `STORAGE_CD`, `STORAGE_NM`, `ITEM_QTY`, `UPDATE_DT`) VALUES (44, 6, '자재', 5, '자재임시창고2', 0, '2021-09-26 22:03:19');
INSERT INTO `item_stock` (`STOCK_NO`, `ITEM_CD`, `ITEM_TYPE`, `STORAGE_CD`, `STORAGE_NM`, `ITEM_QTY`, `UPDATE_DT`) VALUES (45, 6, '자재', 7, '자재임시창고3', 0, '2021-09-26 22:03:19');
INSERT INTO `item_stock` (`STOCK_NO`, `ITEM_CD`, `ITEM_TYPE`, `STORAGE_CD`, `STORAGE_NM`, `ITEM_QTY`, `UPDATE_DT`) VALUES (46, 6, '자재', 11, '자재임시창고4', 0, '2021-10-05 15:00:01');
INSERT INTO `item_stock` (`STOCK_NO`, `ITEM_CD`, `ITEM_TYPE`, `STORAGE_CD`, `STORAGE_NM`, `ITEM_QTY`, `UPDATE_DT`) VALUES (47, 6, '자재', 13, '자재임시창고5', 0, '2021-10-05 23:00:01');
INSERT INTO `item_stock` (`STOCK_NO`, `ITEM_CD`, `ITEM_TYPE`, `STORAGE_CD`, `STORAGE_NM`, `ITEM_QTY`, `UPDATE_DT`) VALUES (48, 6, '자재', 15, '자재임시창고6', 0, '2021-09-26 22:03:19');

INSERT INTO `our_order` (`order_no`, `cust_cd`, `plant_cd`, `item_cd`, `order_qty`, `order_dt`, `order_status`) VALUES (1, 4, 1, 4, 300, '2021-09-30 12:30:20', 1);
INSERT INTO `our_order` (`order_no`, `cust_cd`, `plant_cd`, `item_cd`, `order_qty`, `order_dt`, `order_status`) VALUES (2, 5, 1, 5, 600, '2021-09-30 12:30:20', 1);
INSERT INTO `our_order` (`order_no`, `cust_cd`, `plant_cd`, `item_cd`, `order_qty`, `order_dt`, `order_status`) VALUES (3, 6, 1, 6, 700, '2021-09-30 12:30:20', 1);
INSERT INTO `our_order` (`order_no`, `cust_cd`, `plant_cd`, `item_cd`, `order_qty`, `order_dt`, `order_status`) VALUES (4, 4, 2, 4, 500, '2021-10-01 13:23:40', 1);
INSERT INTO `our_order` (`order_no`, `cust_cd`, `plant_cd`, `item_cd`, `order_qty`, `order_dt`, `order_status`) VALUES (5, 5, 2, 5, 400, '2021-10-01 13:23:40', 1);
INSERT INTO `our_order` (`order_no`, `cust_cd`, `plant_cd`, `item_cd`, `order_qty`, `order_dt`, `order_status`) VALUES (6, 6, 2, 6, 600, '2021-10-01 13:23:40', 1);
INSERT INTO `our_order` (`order_no`, `cust_cd`, `plant_cd`, `item_cd`, `order_qty`, `order_dt`, `order_status`) VALUES (7, 4, 1, 4, 400, '2021-10-01 15:37:51', 1);
INSERT INTO `our_order` (`order_no`, `cust_cd`, `plant_cd`, `item_cd`, `order_qty`, `order_dt`, `order_status`) VALUES (8, 5, 2, 5, 20, '2021-10-04 17:08:14', 1);
INSERT INTO `our_order` (`order_no`, `cust_cd`, `plant_cd`, `item_cd`, `order_qty`, `order_dt`, `order_status`) VALUES (9, 4, 2, 4, 41, '2021-10-04 17:36:05', 1);
INSERT INTO `our_order` (`order_no`, `cust_cd`, `plant_cd`, `item_cd`, `order_qty`, `order_dt`, `order_status`) VALUES (10, 5, 2, 5, 331, '2021-10-04 17:36:05', 1);
INSERT INTO `our_order` (`order_no`, `cust_cd`, `plant_cd`, `item_cd`, `order_qty`, `order_dt`, `order_status`) VALUES (11, 4, 1, 4, 1551, '2021-10-04 17:38:39', 1);
INSERT INTO `our_order` (`order_no`, `cust_cd`, `plant_cd`, `item_cd`, `order_qty`, `order_dt`, `order_status`) VALUES (12, 5, 1, 5, 174, '2021-10-04 17:38:39', 1);
INSERT INTO `our_order` (`order_no`, `cust_cd`, `plant_cd`, `item_cd`, `order_qty`, `order_dt`, `order_status`) VALUES (13, 6, 1, 6, 848, '2021-10-04 17:38:39', 1);
INSERT INTO `our_order` (`order_no`, `cust_cd`, `plant_cd`, `item_cd`, `order_qty`, `order_dt`, `order_status`) VALUES (14, 5, 1, 5, 89, '2021-10-05 09:58:55', 1);
INSERT INTO `our_order` (`order_no`, `cust_cd`, `plant_cd`, `item_cd`, `order_qty`, `order_dt`, `order_status`) VALUES (15, 4, 1, 4, 263, '2021-10-08 15:29:00', 1);
INSERT INTO `our_order` (`order_no`, `cust_cd`, `plant_cd`, `item_cd`, `order_qty`, `order_dt`, `order_status`) VALUES (16, 6, 1, 6, 175, '2021-10-08 15:29:00', 1);

INSERT INTO `cust_order` (`ORDER_NO`, `CUST_CD`, `PLANT_CD`, `ITEM_CD`, `ORDER_QTY`, `ORDER_DATE`, `DELIVERY_DATE`, `FINISHED_DATE`, `ORDER_STATUS`, `DELAYED_DAYS`, `WO_STATUS`) VALUES (1, 2, 2, 2, 200, '2021-09-24', '2021-10-01', '2021-09-30', 1, -1, 1);
INSERT INTO `cust_order` (`ORDER_NO`, `CUST_CD`, `PLANT_CD`, `ITEM_CD`, `ORDER_QTY`, `ORDER_DATE`, `DELIVERY_DATE`, `FINISHED_DATE`, `ORDER_STATUS`, `DELAYED_DAYS`, `WO_STATUS`) VALUES (2, 1, 2, 2, 400, '2021-09-26', '2021-10-04', NULL, 0, 0, 1);
INSERT INTO `cust_order` (`ORDER_NO`, `CUST_CD`, `PLANT_CD`, `ITEM_CD`, `ORDER_QTY`, `ORDER_DATE`, `DELIVERY_DATE`, `FINISHED_DATE`, `ORDER_STATUS`, `DELAYED_DAYS`, `WO_STATUS`) VALUES (3, 3, 1, 3, 100, '2021-09-28', '2021-10-05', NULL, 0, 0, 1);
INSERT INTO `cust_order` (`ORDER_NO`, `CUST_CD`, `PLANT_CD`, `ITEM_CD`, `ORDER_QTY`, `ORDER_DATE`, `DELIVERY_DATE`, `FINISHED_DATE`, `ORDER_STATUS`, `DELAYED_DAYS`, `WO_STATUS`) VALUES (4, 2, 2, 2, 500, '2021-09-29', '2021-10-08', NULL, 0, 0, 1);
INSERT INTO `cust_order` (`ORDER_NO`, `CUST_CD`, `PLANT_CD`, `ITEM_CD`, `ORDER_QTY`, `ORDER_DATE`, `DELIVERY_DATE`, `FINISHED_DATE`, `ORDER_STATUS`, `DELAYED_DAYS`, `WO_STATUS`) VALUES (5, 3, 1, 3, 700, '2021-09-30', '2021-10-12', NULL, 0, 0, 0);
INSERT INTO `cust_order` (`ORDER_NO`, `CUST_CD`, `PLANT_CD`, `ITEM_CD`, `ORDER_QTY`, `ORDER_DATE`, `DELIVERY_DATE`, `FINISHED_DATE`, `ORDER_STATUS`, `DELAYED_DAYS`, `WO_STATUS`) VALUES (6, 1, 2, 2, 230, '2021-10-01', '2021-10-08', NULL, 0, 0, 0);
INSERT INTO `cust_order` (`ORDER_NO`, `CUST_CD`, `PLANT_CD`, `ITEM_CD`, `ORDER_QTY`, `ORDER_DATE`, `DELIVERY_DATE`, `FINISHED_DATE`, `ORDER_STATUS`, `DELAYED_DAYS`, `WO_STATUS`) VALUES (7, 1, 1, 1, 450, '2021-10-01', '2021-10-13', NULL, 0, 0, 1);
INSERT INTO `cust_order` (`ORDER_NO`, `CUST_CD`, `PLANT_CD`, `ITEM_CD`, `ORDER_QTY`, `ORDER_DATE`, `DELIVERY_DATE`, `FINISHED_DATE`, `ORDER_STATUS`, `DELAYED_DAYS`, `WO_STATUS`) VALUES (8, 1, 2, 1, 350, '2021-10-01', '2021-10-19', NULL, 0, 0, 0);
INSERT INTO `cust_order` (`ORDER_NO`, `CUST_CD`, `PLANT_CD`, `ITEM_CD`, `ORDER_QTY`, `ORDER_DATE`, `DELIVERY_DATE`, `FINISHED_DATE`, `ORDER_STATUS`, `DELAYED_DAYS`, `WO_STATUS`) VALUES (9, 2, 2, 2, 300, '2021-10-02', '2021-10-20', NULL, 0, 0, 0);

INSERT INTO `work_order` (`WO_NO`, `PLANT_CD`, `LINE_CD`, `ORDER_NO`, `item_cd`, `START_DATE`, `START_SHIFT`, `END_DATE`, `END_SHIFT`, `PLAN_QTY`, `FLAG_END`) VALUES (1, 1, 1, 3, 3, '2021-10-05', '주간', '2021-10-05', '주간', 21, 0);
INSERT INTO `work_order` (`WO_NO`, `PLANT_CD`, `LINE_CD`, `ORDER_NO`, `item_cd`, `START_DATE`, `START_SHIFT`, `END_DATE`, `END_SHIFT`, `PLAN_QTY`, `FLAG_END`) VALUES (2, 2, 5, 2, 2, '2021-10-05', '야간', '2021-10-06', '주간', 200, 0);
INSERT INTO `work_order` (`WO_NO`, `PLANT_CD`, `LINE_CD`, `ORDER_NO`, `item_cd`, `START_DATE`, `START_SHIFT`, `END_DATE`, `END_SHIFT`, `PLAN_QTY`, `FLAG_END`) VALUES (3, 2, 4, 4, 2, '2021-10-05', '주야간', '2021-10-05', '주야간', 305, 0);
INSERT INTO `work_order` (`WO_NO`, `PLANT_CD`, `LINE_CD`, `ORDER_NO`, `item_cd`, `START_DATE`, `START_SHIFT`, `END_DATE`, `END_SHIFT`, `PLAN_QTY`, `FLAG_END`) VALUES (4, 1, 2, 7, 1, '2021-10-05', '주야간', '2021-10-05', '주야간', 368, 0);
