serial_no,wo_no,plant_cd,line_cd,item_cd,worker_no,dim_x,dim_y,dim_h,dim_w,hole_x,hole_y,hole_xc,hole_yc,str_x,str_y,hole_d,hole_ratio,prd_dt
20211012_070001_2_5,6,2,5,2,25,29.96248480901433,19.974180680136897,-0.0006454725344270216,-0.00022368959418031666,2.9955874768605657,2.9531095529127267,0.01573540980347918,0.02208368323979461,-2.1542690419081286e-05,-1.1198937156043767e-05,2.9955874768605657,0.9858198352490254,2021-10-12 07:00:01
20211012_070101_2_5,6,2,5,2,25,29.973936936075244,19.998474019902496,0.00013261578053811056,-0.0002898713399364549,3.044380730826769,2.988466774430864,-0.0017226360265216033,-0.012898390351962847,4.4243697723437975e-06,-1.4494672925942986e-05,3.044380730826769,0.9816337175473054,2021-10-12 07:01:01
20211012_070201_2_5,6,2,5,2,25,30.02823406647161,20.049013573201094,-0.0002882331384183362,-0.0002078950158657831,3.0149849373624695,2.943922334500327,-0.009112902385157952,0.010457242557301856,-9.598737567460432e-06,-1.0369338875787386e-05,3.0149849373624695,0.9764301963895354,2021-10-12 07:02:01
20211012_070301_2_5,6,2,5,2,25,30.018497305338023,20.020721028426145,0.0001332733777057501,-0.000245061550917297,2.9611413242172944,3.018479456662982,0.012364280411163768,-0.05261380207666717,4.439708502065852e-06,-1.2240395866330176e-05,3.018479456662982,1.0193635244548294,2021-10-12 07:03:01
20211012_070401_2_5,6,2,5,2,25,29.991236633180495,20.006682029985775,-0.00018744411497825857,2.4313131669896593e-06,2.9611808844862577,3.0393600311001325,-0.022265675351155447,0.0015612503089613853,-6.249962856512615e-06,1.2152505664585644e-07,3.0393600311001325,1.0264013411080215,2021-10-12 07:04:01
20211012_070501_2_5,6,2,5,2,25,30.022852560019125,20.023955223551944,4.9449282428546594e-05,-2.3924365749203374e-05,2.955345974015874,2.991572027620887,-0.010600576060923806,0.038985361989678016,1.6470547670209488e-06,-1.1947872177153e-06,2.991572027620887,1.012257804644032,2021-10-12 07:05:01
20211012_070601_2_5,6,2,5,2,25,29.983347513217737,19.987126630902477,-0.0003280125275393746,0.00033089071535581834,3.0383832700127327,2.9617317856406262,0.02661668323247926,-0.0291447715262288,-1.0939823426812995e-05,1.6555191822531505e-05,3.0383832700127327,0.9747722793471723,2021-10-12 07:06:01
20211012_070701_2_5,6,2,5,2,25,30.013461680175805,20.048487822803402,-0.0003925112812467825,-0.00018461697240235953,2.9857439365777356,3.007587350804313,0.0031121240153296568,-0.030335646249483008,-1.3077841051105417e-05,-9.208523557191872e-06,3.007587350804313,1.0073159034031614,2021-10-12 07:07:01
20211012_070801_2_5,6,2,5,2,25,30.02739566785332,19.96909708685069,-0.00034601788115360153,-0.00012860180841670502,2.934338008520363,2.987514320874114,0.004818834426942357,0.02770505292066534,-1.1523406324713028e-05,-6.440041222564194e-06,2.987514320874114,1.0181220814368843,2021-10-12 07:08:01
20211012_070901_2_5,6,2,5,2,25,30.042339071227474,19.967763926845336,0.00011545403318105337,-0.00030898301992888307,2.9762912044946335,2.9829200311139115,-0.004757599937583212,-0.014261511016511826,3.843044075473719e-06,-1.5474092194843903e-05,2.9829200311139115,1.002227210364788,2021-10-12 07:09:01
20211012_071001_2_5,6,2,5,2,25,29.977493884286865,19.907233207421285,0.00019331211580790505,-9.720788836255471e-05,3.0436978606129337,3.0538458207966643,-0.016648180192184014,-0.026835690530696905,6.448574939389192e-06,-4.8830436329201314e-06,3.0538458207966643,1.0033340892061102,2021-10-12 07:10:01
20211012_071101_2_5,6,2,5,2,25,30.004316384980406,20.020812450690528,-0.00023400688727263233,-0.0005221885546229908,2.9884130180031727,3.0134488712630927,0.0062159554943202,0.0038096031832775172,-7.799107444080005e-06,-2.608228591667269e-05,3.0134488712630927,1.0083776416141597,2021-10-12 07:11:01
20211012_071201_2_5,6,2,5,2,25,30.02848553259774,19.962475928662066,-5.502081872457714e-05,-0.00021173007672756065,3.0286900467310405,3.030388104596199,-0.0013311013034349348,0.003710649217610859,-1.8322875013076738e-06,-1.0606403608660548e-05,3.030388104596199,1.000560657524857,2021-10-12 07:12:01
20211012_071301_2_5,6,2,5,2,25,30.09500416898436,20.011514927629545,-3.119355589018799e-06,0.0006287478621466035,2.9941402806073216,3.0119807815028277,0.009791328774282728,0.003367763867025186,-1.0365027934548614e-07,3.1419303556998696e-05,3.0119807815028277,1.0059584719563932,2021-10-12 07:13:01
20211012_071401_2_5,6,2,5,2,25,30.02988420746916,20.00577100060887,0.0003732422321018572,-0.0006277686702898736,3.0136747993931037,2.9624363344867817,0.017924870328148233,0.005740934420037489,1.2429026682994096e-05,-3.137937899372974e-05,3.0136747993931037,0.982998011292844,2021-10-12 07:14:01
20211012_071501_2_5,6,2,5,2,25,30.005671499197835,19.98926186421986,0.00018026311741710935,0.00020950999457975542,2.9549355555030274,2.974932327991512,0.01165848547145107,-0.012392077579593085,6.007634837364945e-06,1.0481127117293491e-05,2.974932327991512,1.0067672448731562,2021-10-12 07:15:01
20211012_071601_2_5,6,2,5,2,25,30.032706453876017,20.024511711245108,0.0001082858152754727,9.07923082672919e-05,3.018159071640618,3.000029812074079,-0.01747919381161965,0.012647672541107456,3.6055963002128085e-06,4.534058536683615e-06,3.018159071640618,0.9939932723437654,2021-10-12 07:16:01
20211012_071701_2_5,6,2,5,2,25,30.001404709338047,20.031448807608243,-0.0001912698037626336,-1.4656213774433453e-05,3.0731745199259626,2.9450985636288585,-0.02158599212238079,-0.017662217841838496,-6.375361607754993e-06,-7.316601966836669e-07,3.0731745199259626,0.9583245417835269,2021-10-12 07:17:01
20211012_071801_2_5,6,2,5,2,25,30.002216590861433,19.980547007998233,-1.009675727353316e-05,0.0004965667613984884,2.9478750340371045,2.9836485804634756,0.021092933380225762,0.011454355957189863,-3.3653371053286093e-07,2.4852510854668404e-05,2.9836485804634756,1.012135367345399,2021-10-12 07:18:01
20211012_071901_2_5,6,2,5,2,25,30.01903005080881,19.987935112367936,0.0003630578113872693,0.00012303226738412428,3.0743408946291324,2.9802646051993746,-0.003013250003185976,0.020371111982648262,1.2094255236520787e-05,6.1553265353556e-06,3.0743408946291324,0.9693995257344074,2021-10-12 07:19:01
20211012_072001_2_5,6,2,5,2,25,30.026291328098758,19.99520576179972,0.00039036688262184444,-0.0003379662151470261,2.958060162263808,3.018353446525259,0.016537017112862692,-0.011453008435227367,1.3000835779426982e-05,-1.6902362454939128e-05,3.018353446525259,1.0203827106123862,2021-10-12 07:20:01
20211012_072101_2_5,6,2,5,2,25,29.977811849916847,20.030408739318027,0.00013484029033620235,-0.00043168018135330573,2.9178139683217,3.039184421637848,-0.007036206544502308,0.008830004612354468,4.49800309012802e-06,-2.1551241763027703e-05,3.039184421637848,1.0415963644817148,2021-10-12 07:21:01
20211012_072201_2_5,6,2,5,2,25,29.97566097600506,19.948703833354532,1.8794206262026054e-05,-0.0002312568710631164,3.0045210723118343,3.056977485502888,0.0029153031069016045,-0.012860417175891547,6.269822132386157e-07,-1.1592576289415428e-05,3.056977485502888,1.0174591596891982,2021-10-12 07:22:01
20211012_072301_2_5,6,2,5,2,25,29.99249613179222,19.96922915291519,0.0002991966561317656,-2.7883058282317968e-05,2.992851688221468,3.0317189632845163,0.007451870098053447,0.004209964545517844,9.975717086602053e-06,-1.3963011826246425e-06,3.0317189632845163,1.0129867026876114,2021-10-12 07:23:01
20211012_072401_2_5,6,2,5,2,25,29.983499851762737,20.007714169139668,0.00024507316130965406,-0.0007752932979452771,2.971113986903115,2.9807466607997233,-0.03917192424782539,-0.024778321635326703,8.173600897870038e-06,-3.8749718803015805e-05,2.9807466607997233,1.003242108495019,2021-10-12 07:24:01
20211012_072501_2_5,6,2,5,2,25,30.002232021116452,20.031381965829315,0.00033847766331420804,0.0005379576597754161,3.032379646820107,3.00416585639855,0.00352576743361679,-0.015302717005194134,1.1281749407043366e-05,2.6855743687235122e-05,3.032379646820107,0.9906958251579272,2021-10-12 07:25:01
20211012_072601_2_5,6,2,5,2,25,29.951505857038015,19.964325003323747,0.0007203138633274889,-7.563146510232641e-05,2.9820724940413688,2.977715702366562,-0.03520095492433473,0.019179642118652588,2.404933717742373e-05,-3.788330689353883e-06,2.9820724940413688,0.9985390054455375,2021-10-12 07:26:01
20211012_072701_2_5,6,2,5,2,25,30.02003085476975,19.979852359805474,-6.486278433532632e-06,-0.0002278796501500554,2.9960035749404645,2.9419475390617027,-0.016406482467706374,-0.007764014879347133,-2.160650155528423e-07,-1.1405472174984284e-05,2.9960035749404645,0.9819572859221852,2021-10-12 07:27:01
20211012_072801_2_5,6,2,5,2,25,29.9379189049038,19.936969025172868,0.000672103248204059,0.0003855886062217963,3.0333449691519614,2.9905971970851466,-0.011583959196954886,0.013075508269729696,2.244989875010882e-05,1.9340382469117718e-05,3.0333449691519614,0.9859073819491208,2021-10-12 07:28:01
20211012_072901_2_5,6,2,5,2,25,29.973661669146416,20.004729670177912,-0.0003430953499475391,-0.00018390010445003144,2.9133665295126603,3.036266149774068,0.025821676937504427,-0.0030104893285423035,-1.1446561108705198e-05,-9.192831269506274e-06,3.036266149774068,1.0421847436690248,2021-10-12 07:29:01
20211012_073001_2_5,6,2,5,2,25,29.94593641680287,20.014160549615234,4.707322550542328e-05,-0.00029671628889549155,2.9922944523765094,3.0110037496189417,-0.026814957680913666,-0.025440951235434647,1.571940341094499e-06,-1.4825317712423159e-05,3.0110037496189417,1.006252492039202,2021-10-12 07:30:01
20211012_073101_2_5,6,2,5,2,25,29.9984488942905,20.039697048536475,-0.0002851898036139952,0.0008409104540365538,3.0031490506649132,2.977795221175154,0.02291497974753726,-0.008376507304625837,-9.50681832313918e-06,4.19622338601155e-05,3.0031490506649132,0.9915575853672179,2021-10-12 07:31:01
20211012_073201_2_5,6,2,5,2,25,30.014773511907958,20.047062181694123,0.0005836879607865485,-0.000140978821016764,3.004172020504568,3.007699559462366,0.04405415027021148,-0.01227091434621168,1.944668882991831e-05,-7.032393062834819e-06,3.007699559462366,1.0011742133718446,2021-10-12 07:32:01
20211012_073301_2_5,6,2,5,2,25,29.97515266436869,19.934864449120198,0.0005794889204429169,-0.00023064042163569627,2.979385383807857,3.0042955276983614,-0.024308004511985896,-0.001771742163862659,1.933230922729386e-05,-1.156970102427134e-05,3.0042955276983614,1.008360833085201,2021-10-12 07:33:01
20211012_073401_2_5,6,2,5,2,25,29.973079028783918,19.99584662969429,0.0006047765339393727,0.00019794985610742115,2.981801328071403,3.0637792677645597,-0.01325406158855138,0.011342201201867583,2.0177324236812316e-05,9.899548629937033e-06,3.0637792677645597,1.0274927571201329,2021-10-12 07:34:01
20211012_073501_2_5,6,2,5,2,25,29.996599333219645,20.026559761685693,-8.271542240404327e-05,0.00023292672282814434,2.9262052314009837,2.965635416879722,-0.0006567175283969497,0.013524917870421227,-2.757493323999575e-06,1.1630890457470077e-05,2.965635416879722,1.0134748530470845,2021-10-12 07:35:01
20211012_073601_2_5,6,2,5,2,25,29.959053447578935,20.052548365903363,-0.0005728486905740065,0.0005385999420811333,2.990479917428915,2.9794598801118224,0.012949390178039933,-0.0048922586676053105,-1.912105439433701e-05,2.685942615637569e-05,2.990479917428915,0.9963149602667898,2021-10-12 07:36:01
20211012_073701_2_5,6,2,5,2,25,30.117980467803115,20.006815341378108,-0.00072555517567064,-0.00012201412780397033,3.023425230124068,3.0319175867726615,-0.0034419408113064037,0.02242477940352718,-2.4090432505800876e-05,-6.098628178549768e-06,3.0319175867726615,1.002808852874541,2021-10-12 07:37:01
20211012_073801_2_5,6,2,5,2,25,29.96132540301364,19.920390187848582,-0.0005407073294303847,0.0004993345827427865,2.9913180981698027,2.988115714857635,-0.0034065067721579865,0.003682145062428275,-1.804684279340987e-05,2.5066506129351825e-05,2.9913180981698027,0.998929440732456,2021-10-12 07:38:01
20211012_073901_2_5,6,2,5,2,25,30.033596440859178,20.047822825587883,0.0007207252862890785,0.0006021535647075982,2.9887305428522315,3.0007451002682988,0.00710036954823556,0.03261206339723975,2.3997302078300834e-05,3.003585825484472e-05,3.0007451002682988,1.0040199533694334,2021-10-12 07:39:01
20211012_074001_2_5,6,2,5,2,25,30.047770867448527,19.9873620508854,-0.00032640256670267984,0.00028727587240873513,3.042635485879588,3.0091428064764885,-0.012893574820035576,-0.0007757318069222855,-1.086278806313315e-05,1.4372875804088883e-05,3.042635485879588,0.988992214296279,2021-10-12 07:40:01
20211012_074101_2_5,6,2,5,2,25,30.05044549285772,19.978260741538236,-0.0002658191403977421,-0.00014594556531250294,3.1459369014622443,3.0184278354566128,0.02044323540915634,-0.006845157081834579,-8.845763716245771e-06,-7.305218767570544e-06,3.1459369014622443,0.9594686511524231,2021-10-12 07:41:01
20211012_074201_2_5,6,2,5,2,25,29.961012804946836,19.957223251184473,0.00046223827510676876,1.3791016413533783e-05,2.9552870441232812,3.0052805661195423,0.021108279360526224,-0.010904100880282005,1.542799230840584e-05,6.910288189873948e-07,3.0052805661195423,1.0169166382993744,2021-10-12 07:42:01
20211012_074301_2_5,6,2,5,2,25,29.955066969965767,19.965024608165763,-7.299973930917715e-05,-0.0005157045147854936,2.9678986220475743,3.0312229783714386,-0.004280619785041402,0.007810042268021038,-2.4369746655004915e-06,-2.5830397152356563e-05,3.0312229783714386,1.0213364283582491,2021-10-12 07:43:01
20211012_074401_2_5,6,2,5,2,25,29.968338534945318,20.00139889440831,1.5978958054441483e-05,-0.0008713301452057927,3.0014221404834327,2.959965205891164,-0.012303398435031324,-0.018493153601046648,5.331946592837913e-07,-4.3563460226243775e-05,3.0014221404834327,0.9861875695414204,2021-10-12 07:44:01
20211012_074501_2_5,6,2,5,2,25,29.994033612132213,19.98439577533791,-0.00011150905568459087,0.000442669596375972,2.9964660733020985,2.997165678966167,0.002795951113965132,-0.01384067720808046,-3.7177078990631937e-06,2.2150762092204765e-05,2.997165678966167,1.0002334769181276,2021-10-12 07:45:01
20211012_074601_2_5,6,2,5,2,25,29.971858544488768,19.993579439649356,0.00030026671613918033,0.0003256680332123758,2.9838302135010903,3.0368528496022904,0.011963462129696832,-0.011989372226561849,1.0018288178341661e-05,1.6288630767462385e-05,3.0368528496022904,1.0177699910206974,2021-10-12 07:46:01
20211012_074701_2_5,6,2,5,2,25,30.017046244934942,19.965939813823738,0.0010323073294878494,-0.00014106977680589875,2.93965636641924,3.0266480133699116,0.002381521067729486,-0.022055444385492826,3.4390703237899047e-05,-7.0655214891626005e-06,3.0266480133699116,1.0295924543917474,2021-10-12 07:47:01
20211012_074801_2_5,6,2,5,2,25,29.98394604668937,20.029718986054526,-4.606591595089057e-06,-0.0008882090435149343,2.9630565140509386,3.0588152175964294,0.008621974689276158,-0.002638747517032231,-1.5363526828376504e-07,-4.434455841009753e-05,3.0588152175964294,1.032317542068941,2021-10-12 07:48:01
20211012_074901_2_5,6,2,5,2,25,29.95289015374199,19.978774625209077,0.00029056261218216007,-0.0006572710666524547,2.9539334833906206,3.0460147731295253,-0.014247047900104044,-0.00189912284762356,9.700653616087205e-06,-3.289846744770396e-05,3.0460147731295253,1.03117243169376,2021-10-12 07:49:01
20211012_075001_2_5,6,2,5,2,25,30.025183742075967,19.99809043897784,-6.46046011477162e-05,9.022951091716467e-05,2.9449992753386836,3.0192713660659436,-0.013827906585225272,-0.015663642761083334,-2.1516804593998923e-06,4.511906333881775e-06,3.0192713660659436,1.0252197314101947,2021-10-12 07:50:01
20211012_075101_2_5,6,2,5,2,25,29.96680391453951,19.978319020613235,-1.6031868226162125e-06,5.0105541381639025e-05,2.95879443638007,2.9298562351167856,-0.04374495021167421,-0.0034693466786504786,-5.3498759066473777e-08,2.5079958594084476e-06,2.95879443638007,0.990219597242893,2021-10-12 07:51:01
20211012_075201_2_5,6,2,5,2,25,30.007787494190485,19.905900338442496,-0.00026858770840643994,3.379449502845572e-05,3.056959252100357,2.9718654168542087,-0.01891215199206402,0.005800525386937607,-8.950600188648983e-06,1.6977124598173246e-06,3.056959252100357,0.9721638961370903,2021-10-12 07:52:01
20211012_075301_2_5,6,2,5,2,25,29.965779100867856,20.030357144354486,-0.00011402659629997436,0.00020187384085566904,3.033005057515475,2.9700682258640767,0.00584426180593192,0.0070976822188727594,-3.8052271531519087e-06,1.0078394478980459e-05,3.033005057515475,0.9792493482675055,2021-10-12 07:53:01
20211012_075401_2_5,6,2,5,2,25,29.953348741633633,20.041538786476156,0.0003989075343719939,5.410971399007695e-05,2.9557858017674317,3.004336192506397,-0.0007173226746739233,-0.013139670530109518,1.3317627281437574e-05,2.6998782162669902e-06,3.004336192506397,1.01642554433746,2021-10-12 07:54:01
20211012_075501_2_5,6,2,5,2,25,30.063355545783974,20.04040376555706,-0.00021870900691101534,0.00030179594237493025,3.0285972094630114,3.0423347728809005,-0.0015780855309849777,-0.016374328766825937,-7.27493664431237e-06,1.5059374347218462e-05,3.0423347728809005,1.0045359493084671,2021-10-12 07:55:01
20211012_075601_2_5,6,2,5,2,25,30.014500256552065,20.049203636675784,2.8093363654477682e-05,-9.303359200759434e-05,3.026328033026352,2.9708510544420994,0.030632908062045786,0.014014023493587479,9.359930505038142e-07,-4.640263707901546e-06,3.026328033026352,0.9816685508051898,2021-10-12 07:56:01
20211012_075701_2_5,6,2,5,2,25,29.964772810898275,20.062432384981648,-0.00021431457569885177,0.0005480809009809747,2.9921871818245567,3.038704250596544,-0.018356666907717353,-0.037103704408412576,-7.152217607366772e-06,2.731876626242277e-05,3.038704250596544,1.0155461760729896,2021-10-12 07:57:01
20211012_075801_2_5,6,2,5,2,25,30.017830916550956,19.95861277961422,0.00010894338747676376,0.000193131231005639,2.984756722171435,2.994759008726067,-0.012114369336205067,0.00553776746978476,3.6292891308377498e-06,9.676585899943093e-06,2.994759008726067,1.0033511228839298,2021-10-12 07:58:01
20211012_075901_2_5,6,2,5,2,25,29.961657734427362,20.012564880965787,-0.0005873427862964518,-0.0003637024453456011,3.0343899473396867,3.0003605968223974,0.026336986471278655,-0.023167084596880907,-1.960314717905502e-05,-1.8173704745438365e-05,3.0343899473396867,0.988785439212543,2021-10-12 07:59:01
20211012_080001_2_5,6,2,5,2,25,29.987710172351147,19.959396733042663,4.725213689930215e-05,0.0003216818754816655,2.9711230215328355,2.973054325375798,-0.01721652797684957,0.013441715971531374,1.5757167395484871e-06,1.6116813538212958e-05,2.973054325375798,1.0006500248656707,2021-10-12 08:00:01
20211012_080101_2_5,6,2,5,2,25,30.013779762269944,20.00917419400642,-0.0005139486357737573,8.940342798163911e-05,3.06527115213257,2.9995613628694087,-0.013994559363471788,-0.017554681163312515,-1.7123755816314664e-05,4.468121828257118e-06,3.06527115213257,0.9785631397674408,2021-10-12 08:01:01
20211012_080201_2_5,6,2,5,2,25,29.998859080681843,20.01593301247122,-0.00030229501769440514,-0.0004357641145410945,2.97567520720458,2.998674184188872,-0.0032367068679269237,-0.027268186257752902,-1.007688382019408e-05,-2.1770861956301778e-05,2.998674184188872,1.0077289943904522,2021-10-12 08:02:01
20211012_080301_2_5,6,2,5,2,25,29.966564650237412,19.961674155275638,-0.00047368631576951987,0.00023353734622100726,2.9999145747637823,2.9669152036488184,-0.0008181406385049288,0.010988958225055958,-1.580716112434887e-05,1.1699286563060447e-05,2.9999145747637823,0.9889998963995292,2021-10-12 08:03:01
20211012_080401_2_5,6,2,5,2,25,30.040256818942346,20.00962533999567,0.00012474632875001187,0.0007038657807555594,2.9517591101271146,3.020505483168015,-0.008284440793827591,0.005079350259872061,4.152638557715364e-06,3.517635981662572e-05,3.020505483168015,1.023289967262247,2021-10-12 08:04:01
20211012_080501_2_5,6,2,5,2,25,30.01702498022607,20.053637989228854,-0.00020255671890715226,-0.000563277278330053,2.9749443923307335,3.029126391416861,0.0009963378775503713,-0.03814848078279756,-6.748061110006337e-06,-2.808853329418825e-05,3.029126391416861,1.0182127770945253,2021-10-12 08:05:01
20211012_080601_2_5,6,2,5,2,25,30.023685492356066,20.020710994799796,-0.00021661392006125588,0.00032770488007864224,3.0318994981232543,3.0079154633054315,-0.01947975950756489,-0.01626127940315794,-7.2147678244366464e-06,1.636829382152116e-05,3.0318994981232543,0.9920894360671688,2021-10-12 08:06:01
20211012_080701_2_5,6,2,5,2,25,30.012641617331393,20.008264630511267,-5.4222769614114066e-05,-0.00041635479143157844,2.9859888332173807,3.0382107409893377,-0.02014166746277434,0.038059374092394724,-1.8066643484924718e-06,-2.0809140578671937e-05,3.0382107409893377,1.017488982942943,2021-10-12 08:07:01
20211012_080801_2_5,6,2,5,2,25,30.00109392237428,20.053394608635912,0.00016654864203381766,0.00021722636047670268,2.973751343086283,2.9674113744021584,-0.009090637411690354,0.0007513137463618281,5.551418973746443e-06,1.0832398440070343e-05,2.973751343086283,0.9978680232633221,2021-10-12 08:08:01
20211012_080901_2_5,6,2,5,2,25,29.940598673076863,19.982299485743003,-0.0004799488524913514,6.236509267046122e-05,2.967869892568828,3.005454069218208,0.012099710548667977,0.03256863853095096,-1.60300352618844e-05,3.121016813653381e-06,3.005454069218208,1.0126636874289827,2021-10-12 08:09:01
20211012_081001_2_5,6,2,5,2,25,29.996539536852534,20.002482240526092,-0.0010031873730494954,1.1396307733013736e-05,2.9638058745813023,2.948254945199315,-0.03169528034849435,0.00034655385962051815,-3.3443436760997714e-05,5.697446744846603e-07,2.9638058745813023,0.9947530539987933,2021-10-12 08:10:01
20211012_081101_2_5,6,2,5,2,25,30.057302781471265,19.99565118021822,0.0005727277777400089,-7.817648737063364e-05,2.968383412596999,2.963125617017784,-0.02080110925072489,0.007785434231218775,1.9054530005701817e-05,-3.909674492020243e-06,2.968383412596999,0.9982287343485002,2021-10-12 08:11:01
20211012_081201_2_5,6,2,5,2,25,30.02660632262395,19.961261896316245,0.00016695897295648904,0.0003988125505194789,2.961464928221619,3.0406372597306377,0.008654040457960215,0.004331465793840343,5.560367733955054e-06,1.9979325585276645e-05,3.0406372597306377,1.0267341783299666,2021-10-12 08:12:01
20211012_081301_2_5,6,2,5,2,25,30.01829117454394,20.00216649829551,-0.00023038343887270512,0.00012048173183427007,3.036024777756347,2.9313144625525664,-0.01473836434356158,0.002011947252589011,-7.674768611348353e-06,6.023434103727562e-06,3.036024777756347,0.9655107178403324,2021-10-12 08:13:01
20211012_081401_2_5,6,2,5,2,25,30.007310485893495,20.033824268769393,0.0001383196264743861,0.00028263251319551554,3.0479239376084077,2.9519230320771546,-0.008001464963797519,0.0006741450126151647,4.609530952112835e-06,1.4107766415626878e-05,3.0479239376084077,0.968502853910921,2021-10-12 08:14:01
20211012_081501_2_5,6,2,5,2,25,29.935614832098228,20.01786355436178,9.525825327097172e-05,-0.0002138026081454582,3.0317114868095953,3.0722572868878677,0.007833198780247004,0.017877534794749395,3.1821044533493862e-06,-1.0680590741606478e-05,3.0722572868878677,1.0133738979631404,2021-10-12 08:15:01
20211012_081601_2_5,6,2,5,2,25,30.053388193081055,20.045499461333367,0.00015508488068967765,-0.0001428613340352241,3.0351617719199466,3.0046072592948754,0.023180717316734788,-0.004273932807639399,5.160312697301184e-06,-7.1268533024480395e-06,3.0351617719199466,0.9899331518643425,2021-10-12 08:16:01
20211012_081701_2_5,6,2,5,2,25,30.0585837395751,19.97867930999096,0.00020765375768233443,-1.4458653019975955e-05,3.0283084035943535,2.979586883160763,-0.0073993875358637036,0.005194199289181282,6.908301451639511e-06,-7.237041445850455e-07,3.0283084035943535,0.9839113082486044,2021-10-12 08:17:01
20211012_081801_2_5,6,2,5,2,25,29.953112021790883,20.06495277382313,-0.0002421288869433298,1.021537453939915e-05,3.0549916941521893,3.0368983662720637,0.02126883545634733,-0.05153256140877423,-8.083597015468079e-06,5.091153044090987e-07,3.0549916941521893,0.9940774543136207,2021-10-12 08:18:01
20211012_081901_2_5,6,2,5,2,25,30.062944443247385,19.989575394895333,-0.00010265441715592051,-0.0002596226910940807,3.0173228066384707,3.0192712357791773,-0.01292705252696447,-0.006652425445352086,-3.4146494648822837e-06,-1.2987904243347742e-05,3.0192712357791773,1.0006457476596207,2021-10-12 08:19:01
20211012_082001_2_5,6,2,5,2,25,29.930290595621162,20.01410133778633,-0.00024077498089578863,-0.0005484764714317967,2.9983012714891752,2.9835892982152026,0.026998386594432017,-0.009926534286707176,-8.044525332173497e-06,-2.740450156491819e-05,2.9983012714891752,0.9950932304855857,2021-10-12 08:20:01
20211012_082101_2_5,6,2,5,2,25,30.010858805284336,20.021898712620004,-0.0012562714542134043,-0.0005680943883298008,2.9903778918274773,3.0284408228087085,-0.011443115975675244,0.0031070818240550194,-4.1860563283587175e-05,-2.8373652093830903e-05,3.0284408228087085,1.0127284685608648,2021-10-12 08:21:01
20211012_082201_2_5,6,2,5,2,25,29.99763766569904,20.04538455144733,8.243936933191342e-05,0.0003098406884470823,3.071189912877559,3.0225126019132587,0.008472038439511378,0.008405629182769717,2.7481953829377423e-06,1.5456959064659648e-05,3.071189912877559,0.9841503416118309,2021-10-12 08:22:01
20211012_082301_2_5,6,2,5,2,25,29.98218083245882,19.97116038085967,-0.0004055484584704876,0.00018996055413630813,2.996452378432523,3.031309689658,-0.003961094904293293,-0.0200506057666532,-1.3526316205505616e-05,9.511743459752396e-06,3.031309689658,1.011632860070251,2021-10-12 08:23:01
20211012_082401_2_5,6,2,5,2,25,29.99386272590888,19.967570537295675,-0.00035123749385569577,-8.952264340656948e-05,3.0079864387541986,2.9723871245929487,0.024363181505676408,-8.919186562446646e-06,-1.1710312108359912e-05,-4.483401886041067e-06,3.0079864387541986,0.9881650682654028,2021-10-12 08:24:01
20211012_082501_2_5,6,2,5,2,25,30.001590451101006,20.04972562468178,4.140119931919868e-05,-0.0007181014113541119,2.9980814842337558,2.993877864968402,0.012940188814916868,0.01566564824672845,1.3799668183151046e-06,-3.5816021864663757e-05,2.9980814842337558,0.9985978969259309,2021-10-12 08:25:01
20211012_082601_2_5,6,2,5,2,25,29.99840898227432,19.984949760255983,-0.0004857298380235008,-0.0004106491684635543,2.9287661871846553,2.9541448014261573,-0.022129345907547344,-0.02482444051498629,-1.6191853318304727e-05,-2.0547920980027242e-05,2.9541448014261573,1.008665292010182,2021-10-12 08:26:01
20211012_082701_2_5,6,2,5,2,25,30.02507966678869,20.081195110949462,0.0001807814650583136,5.7291564315903865e-05,3.0198968528421593,3.014913695405231,-0.003640880132014622,0.004059731895009059,6.0210153333341325e-06,2.852995750470304e-06,3.0198968528421593,0.9983498915096262,2021-10-12 08:27:01
20211012_082801_2_5,6,2,5,2,25,29.970673426761063,20.05726641799043,-0.00010353357174325846,-0.00019516407406446997,3.040163310070584,3.0214178603604234,-0.005726492421208471,-0.01652260064812178,-3.4544960091157805e-06,-9.730342609869155e-06,3.040163310070584,0.9938340648845849,2021-10-12 08:28:01
20211012_082901_2_5,6,2,5,2,25,29.98664039495446,19.986996680523152,0.0002276052755064459,9.470594784452702e-06,3.0276066438356093,2.972446027073048,-0.024277974486694828,-0.0214213044748834,7.590222596084577e-06,4.73837812445407e-07,3.0276066438356093,0.9817807848734671,2021-10-12 08:29:01
20211012_083001_2_5,6,2,5,2,25,29.984219746753787,19.95109801390862,0.00020706253548953712,0.00011543658717773034,2.972594621173969,2.982677284041451,0.03894896275672478,-0.006561675646067542,6.905716981745191e-06,5.7859766463607864e-06,2.982677284041451,1.0033918728089133,2021-10-12 08:30:01
20211012_083101_2_5,6,2,5,2,25,29.97427719858305,20.04631035179137,0.0004400309689871253,0.0004095560948906822,2.989877100427098,3.0017611652769602,0.008012578431464763,-0.03602174700289424,1.468028623582378e-05,2.043049756805165e-05,3.0017611652769602,1.0039747670056955,2021-10-12 08:31:01
20211012_083201_2_5,6,2,5,2,25,29.987853596104657,20.018631413349397,-0.000204831761878472,0.0003509084090631038,3.023958768093184,2.97151316846899,-0.00814193529450478,0.005792899525618994,-6.83049092600209e-06,1.7529090866276754e-05,3.023958768093184,0.9826566419563768,2021-10-12 08:32:01
20211012_083301_2_5,6,2,5,2,25,30.020990148773958,20.007663536862296,-7.116057858888395e-05,-0.0005896294308462144,2.938811531675304,2.996549787654058,0.00786319371003058,0.01744446493433278,-2.370360812093005e-06,-2.947017925205889e-05,2.996549787654058,1.019646804620315,2021-10-12 08:33:01
20211012_083401_2_5,6,2,5,2,25,29.915360514088263,19.973888996309384,-0.00045604369025292,-0.00020849242066907112,3.0500493780076563,2.9528894348807846,0.038905221411116755,-0.01001298782437945,-1.524446580004115e-05,-1.0438248690958215e-05,3.0500493780076563,0.9681447966621648,2021-10-12 08:34:01
20211012_083501_2_5,6,2,5,2,25,30.037488881243913,20.00798354327792,-0.0001495119307662982,0.00040898911295466874,3.0110950842946878,2.9819213967362317,0.02181102483629485,0.014221321545451481,-4.977510981607281e-06,2.044129594919008e-05,3.0110950842946878,0.9903112699062143,2021-10-12 08:35:01
20211012_083601_2_5,6,2,5,2,25,29.95099464502467,20.004414685878952,0.00038081797122922555,5.528009420615594e-06,2.9579904281318923,3.0080470602351745,0.005769250718070092,-0.0028291817814303775,1.2714701990455778e-05,2.763394734322218e-07,3.0080470602351745,1.0169225132127608,2021-10-12 08:36:01
20211012_083701_2_5,6,2,5,2,25,30.017243657198996,20.04816576683949,-0.00031453676947581306,0.0003779824010618854,2.989815715555029,3.0155764848824806,0.005036910708013677,-0.03269770929512154,-1.0478536039746545e-05,1.8853714871366646e-05,3.0155764848824806,1.0086161729612386,2021-10-12 08:37:01
20211012_083801_2_5,6,2,5,2,25,30.024493045825402,20.024706456180486,0.000536058136606343,0.000764019653573216,2.970761783041985,3.020884808508228,0.01092466071428752,0.013738898774074382,1.7854027902758424e-05,3.8153850357062616e-05,3.020884808508228,1.016872111978941,2021-10-12 08:38:01
20211012_083901_2_5,6,2,5,2,25,30.012584121789832,19.964986482465296,-0.00032469261898006394,-0.00017582372022740032,2.9754120828429427,2.9691742967628483,0.03909358114157456,-0.002320152616149943,-1.0818549234630202e-05,-8.80660351970794e-06,2.9754120828429427,0.9979035555726673,2021-10-12 08:39:01
20211012_084001_2_5,6,2,5,2,25,30.038221775315463,19.995612404259685,0.0006710003319830818,0.0008244790973642536,3.041714743551919,2.9430931905299786,-0.010406128497593618,0.011236736363812878,2.2338217521733937e-05,4.123300055509248e-05,3.041714743551919,0.967576988200157,2021-10-12 08:40:01
20211012_084101_2_5,6,2,5,2,25,29.967084651540556,20.05278504994993,-0.00020633082636143307,0.0006454056426706957,3.036013088447334,2.993036644299757,0.01372363395310684,-0.001708662105295883,-6.885248557230807e-06,3.2185336902731486e-05,3.036013088447334,0.9858444470114074,2021-10-12 08:41:01
20211012_084201_2_5,6,2,5,2,25,30.015893797998693,19.977706625909548,9.971091106226761e-05,0.00039566916991047265,2.926717627491597,2.988070968595048,-0.007308352617364324,-0.007547657689396435,3.321937095503577e-06,1.980553510568226e-05,2.988070968595048,1.0209631911623929,2021-10-12 08:42:01
20211012_084301_2_5,6,2,5,2,25,29.967525364403116,19.95981088778314,0.0006679590223526761,-0.00018730052157534745,2.9589865553249437,3.0053218259679144,0.04628886106908292,-0.013128465269891112,2.2289428781000058e-05,-9.383882574257707e-06,3.0053218259679144,1.0156591690352856,2021-10-12 08:43:01
20211012_084401_2_5,6,2,5,2,25,29.97635708128968,20.00970944812848,3.6016032799342325e-05,-0.0004689522982159936,2.9518685293377454,3.0174223324282217,-0.015373953737484689,0.01684873706693113,1.2014813108101925e-06,-2.3436237264297457e-05,3.0174223324282217,1.0222075619015403,2021-10-12 08:44:01
20211012_084501_2_5,6,2,5,2,25,29.928005726375545,20.048349649908076,-3.20603886649493e-05,-0.00015400282766800806,2.9657399278916445,2.964171777980182,-0.023102603654983102,-0.006548901226495208,-1.071250418690427e-06,-7.681571319199044e-06,2.9657399278916445,0.9994712449676674,2021-10-12 08:45:01
20211012_084601_2_5,6,2,5,2,25,30.010383645967767,20.050563366448255,0.0001825326648312401,1.856904471836119e-05,2.985121672091998,2.975937889730356,-0.008068668460349784,0.010220632063967743,6.0823169401823165e-06,9.261108717490615e-07,2.985121672091998,0.9969234813952472,2021-10-12 08:46:01
20211012_084701_2_5,6,2,5,2,25,29.976512387969198,20.01535922334442,8.199586301222314e-05,-0.0008030404789931912,2.979132505303877,2.9549597527739975,0.016446825396562982,-0.02491418916565339,2.735336984869909e-06,-4.012121241654183e-05,2.979132505303877,0.9918859760393861,2021-10-12 08:47:01
20211012_084801_2_5,6,2,5,2,25,29.999379998344924,20.042674085314342,7.036982142646345e-05,-3.416054186055142e-06,2.948534013396443,3.0560185975083956,0.006862553690991916,-0.010381868430791197,2.345709192334834e-06,-1.704390427901111e-07,3.0560185975083956,1.0364535676453466,2021-10-12 08:48:01
20211012_084901_2_5,6,2,5,2,25,29.954130793134503,20.04391614734136,2.9118273810917656e-05,-0.00017106545218490996,3.0620784716904796,3.017509609746649,0.027693007822258083,-0.010102062410655643,9.720954352510064e-07,-8.534532420082999e-06,3.0620784716904796,0.985444898830687,2021-10-12 08:49:01
20211012_085001_2_5,6,2,5,2,25,30.03338339272064,20.00839584418645,2.2973627626486104e-05,-0.0001715568294044135,3.032424211675585,2.994933302594323,-0.00022142401680004826,0.006415179151097686,7.649363818281743e-07,-8.574242070198762e-06,3.032424211675585,0.9876366542197782,2021-10-12 08:50:01
20211012_085101_2_5,6,2,5,2,25,30.03386944078419,20.044104270460913,-0.00034355511064291063,0.0004906310880933334,3.0192511570734855,3.010165588354028,-0.004471817380991485,-0.01089717535688564,-1.143892269093983e-05,2.4477576122789313e-05,3.0192511570734855,0.9969907873685262,2021-10-12 08:51:01
20211012_085201_2_5,6,2,5,2,25,29.98598394021389,19.984779478381764,0.000556113673777339,0.00017106876571994597,3.059392055394553,2.957364678497929,0.011079893867726264,0.018236887439579165,1.8545787087931465e-05,8.559952633202536e-06,3.059392055394553,0.9666510943843496,2021-10-12 08:52:01
20211012_085301_2_5,6,2,5,2,25,29.9228376278962,19.985042809735702,-0.00022401606524661622,0.00017087085284063022,2.9950222396228368,2.9708972512123655,-0.013548085023294059,0.04596236321224503,-7.486457936655462e-06,8.54993679359999e-06,2.9950222396228368,0.9919449718632108,2021-10-12 08:53:01
20211012_085401_2_5,6,2,5,2,25,30.004878603581346,19.956564558491348,0.0003460994551500083,-0.0003670851791750173,2.972782473601333,2.932161023860619,0.0017105819969371893,-0.0004616203314881737,1.153477271888373e-05,-1.839420698382807e-05,2.972782473601333,0.9863355458727852,2021-10-12 08:54:01
20211012_085501_2_5,6,2,5,2,25,29.99861175575417,19.971061418086,-2.1186319567755145e-05,-1.5147783553060445e-05,3.021747340789709,2.9562831618115895,0.00048485514671974705,-0.017531130253447012,-7.062433335333026e-07,-7.58486654061484e-07,3.021747340789709,0.9783356543101943,2021-10-12 08:55:01
20211012_085601_2_5,6,2,5,2,25,29.993912271131094,19.97792825944893,0.0004872572707615211,0.0003902297727294423,3.0130174926266586,2.958867666943638,0.014432195298498889,0.0172968432962756,1.624520557228216e-05,1.953304505159968e-05,3.0130174926266586,0.9820280413852445,2021-10-12 08:56:01
20211012_085701_2_5,6,2,5,2,25,29.984630445619217,20.020805979710012,7.393960587668118e-05,1.3625513465204571e-05,2.998138463635205,2.967073821807717,0.0037820780092290025,0.0592270934753827,2.4659168640006977e-06,6.805676793937908e-07,2.998138463635205,0.9896386900724317,2021-10-12 08:57:01
20211012_085801_2_5,6,2,5,2,25,30.006737931153474,20.020948733855537,0.0006092322076284901,0.00015234212644653767,3.0575383249675046,2.9512964611566925,-0.019714239646098468,-0.0009075206734094532,2.0303180206602047e-05,7.609136233835227e-06,3.0575383249675046,0.9652524833643937,2021-10-12 08:58:01
20211012_085901_2_5,6,2,5,2,25,30.013000855823044,20.02420036584778,0.00010882798819952048,7.590068406010847e-05,2.9939238277966425,3.0563887065249653,-0.025180985426800723,-0.015384773475776074,3.626028224312197e-06,3.7904476919618064e-06,3.0563887065249653,1.0208638837596258,2021-10-12 08:59:01
20211012_090001_2_5,6,2,5,2,25,29.971074016549505,20.031492216847184,0.00020812712166056672,0.00019747538638733732,2.9840870094001635,3.0576895911815516,0.01661338172985877,0.025499265597506617,6.9442663798315185e-06,9.858246417670953e-06,3.0576895911815516,1.024665025366061,2021-10-12 09:00:01
20211012_090101_2_5,6,2,5,2,25,29.92095007320551,20.022824839660174,0.00013974446007289205,2.8556573817131773e-05,3.0102913582102886,2.999636332144901,0.014789202929274152,0.026059195641887023,4.670455307434724e-06,1.4262010503417276e-06,3.0102913582102886,0.9964604668460656,2021-10-12 09:01:01
20211012_090201_2_5,6,2,5,2,25,30.033735201302896,20.000606377218848,2.9668644520872384e-05,-0.0005026514862123964,3.0003914687408733,2.9397702893910105,-0.034300891095209646,0.04117258543298306,9.87843980178174e-07,-2.5131812342696173e-05,3.0003914687408733,0.979795576683431,2021-10-12 09:02:01
20211012_090301_2_5,6,2,5,2,25,30.091613312099533,20.060551235891456,0.00023464287462906868,0.00018783670442574002,3.021162479229143,3.0220268511136346,-0.004392188039841069,-0.023639699528120815,7.797616970397569e-06,9.363486686730266e-06,3.0220268511136346,1.0002861057260026,2021-10-12 09:03:01
20211012_090401_2_5,6,2,5,2,25,29.994787798638058,19.986871825547226,-0.0004628229816633498,-0.0005277271612471479,3.062914095663821,2.9955168720619287,0.008801297291403696,0.003351034581347875,-1.5430113550740462e-05,-2.6403689674569625e-05,3.062914095663821,0.9779957186206082,2021-10-12 09:04:01
20211012_090501_2_5,6,2,5,2,25,30.02544100537218,19.982604051752745,0.00013654185131814015,0.0005111302183991171,2.991456179700552,3.0168027384754885,0.0008377977859949775,0.018142886914479427,4.547538578824203e-06,2.5578759258570408e-05,3.0168027384754885,1.0084729834743806,2021-10-12 09:05:01
20211012_090601_2_5,6,2,5,2,25,29.98891256331914,20.00702542603322,-0.0005542425676864662,0.0001654628371800094,2.9954554801159645,3.0000967744138096,0.03835449958864124,0.007482125627390452,-1.8481582702147945e-05,8.270236762167979e-06,3.0000967744138096,1.0015494452608809,2021-10-12 09:06:01
20211012_090701_2_5,6,2,5,2,25,29.922702774053963,19.97985503106861,0.00030879878403158227,-6.486280011937052e-05,3.052251305174793,3.032078579410441,0.023079376355410346,-0.012789443831800354,1.0319882744661098e-05,-3.2464099473449166e-06,3.052251305174793,0.9933908699686191,2021-10-12 09:07:01
20211012_090801_2_5,6,2,5,2,25,30.012430869532366,19.981837425382572,0.0003016114723762124,-1.3283369591582295e-05,2.998772140356178,2.9282843977234165,0.008718911541832658,-0.014018570893766893,1.0049551590384452e-05,-6.647721782937072e-07,2.998772140356178,0.9764944652899206,2021-10-12 09:08:01
20211012_090901_2_5,6,2,5,2,25,30.035936115582366,19.956445920532776,-0.00022823729757100088,-6.389609756479348e-06,3.0226554034998756,2.9986586300791753,-0.01751124238019851,0.046940777419948475,-7.598807531508681e-06,-3.2017774016089757e-07,3.0226554034998756,0.9920610290564664,2021-10-12 09:09:01
20211012_091001_2_5,6,2,5,2,25,30.005161239876514,20.049992153616493,1.3822483808327437e-05,-0.00022733828615175545,2.9931625711559566,3.0016073213088608,-0.006082496034324747,-0.009332893761327836,4.606702059630166e-07,-1.133857232511433e-05,3.0016073213088608,1.0028213469706868,2021-10-12 09:10:01
20211012_091101_2_5,6,2,5,2,25,30.06688204111012,20.019409028904633,-0.00038246348881071097,-3.714389295891304e-05,2.9604468633082086,3.0199350063460466,0.014687390270231939,0.01680892135513446,-1.2720424029594183e-05,-1.8553940780811038e-06,3.0199350063460466,1.0200943120361774,2021-10-12 09:11:01
20211012_091201_2_5,6,2,5,2,25,30.017684965366627,19.882238581737983,0.00022071741627559252,-0.00036010238840062595,2.973546612241605,2.933880820548495,0.002893363904356834,-0.019221239098878497,7.352912675652659e-06,-1.8111762763544306e-05,2.973546612241605,0.9866604439527491,2021-10-12 09:12:01
20211012_091301_2_5,6,2,5,2,25,29.976909824967162,19.93486395025872,-0.0003903958741584196,0.00015098744622170544,2.9926872565531317,2.9894260603530967,-0.020281545494706902,0.016597525743717492,-1.302321941914329e-05,7.574039461641066e-06,2.9926872565531317,0.9989102783149513,2021-10-12 09:13:01
20211012_091401_2_5,6,2,5,2,25,30.053325081288065,20.03001860497477,0.0001283072740817233,0.00045364205994237217,3.029240762770318,3.0131270451978613,-0.02714877975141741,0.009756371106756975,4.269320407465014e-06,2.2648109764096925e-05,3.029240762770318,0.9946806084975166,2021-10-12 09:14:01
20211012_091501_2_5,6,2,5,2,25,29.95944299913581,20.09283455041917,-0.0005791085403825922,0.0008933211395528863,3.035758890374017,2.9729383908730704,0.01027834521261189,0.0075171486089173015,-1.9329749902202683e-05,4.4459687223884e-05,3.035758890374017,0.9793064924555959,2021-10-12 09:15:01
20211012_091601_2_5,6,2,5,2,25,30.00285965384238,19.980430681449864,-1.427447930265275e-05,-0.0007608310329645225,3.005273245520822,3.0042422448999617,-0.0064006348534456844,0.013085042997931992,-4.7577062544518683e-07,-3.8078810466827904e-05,3.005273245520822,0.9996569361463564,2021-10-12 09:16:01
20211012_091701_2_5,6,2,5,2,25,29.964839124516214,20.000873679810955,0.0007161093797407616,0.00020871099977641587,2.9908483026358095,3.0425481314230893,-0.01634070572111581,0.007948020968048752,2.389832218905074e-05,1.0435094142266918e-05,3.0425481314230893,1.0172860083681667,2021-10-12 09:17:01
20211012_091801_2_5,6,2,5,2,25,30.04763364579156,20.059979255665745,-0.0008805834446195701,-0.0004311175134831707,3.0406207269769605,2.997373206114086,0.012456103801741548,-0.016674106570473128,-2.930624937058575e-05,-2.1491423694339353e-05,3.0406207269769605,0.9857767460179514,2021-10-12 09:18:01
20211012_091901_2_5,6,2,5,2,25,29.994046054458764,20.054862942490136,0.0001443757667368497,0.0004053724558844646,3.0396956631806056,2.9601203025277103,0.005967244220415706,-0.013785771296077996,4.8134808646593895e-06,2.0213175081122297e-05,3.0396956631806056,0.9738212737489546,2021-10-12 09:19:01
20211012_092001_2_5,6,2,5,2,25,29.96064159180447,20.003588430924175,-0.00014171205019704213,-1.5447134538917364e-06,2.9466894021272787,3.003524708371309,0.03157207751346363,0.008217621042129836,-4.729940437450662e-06,-7.722181743670128e-08,3.003524708371309,1.0192878510381853,2021-10-12 09:20:01
20211012_092101_2_5,6,2,5,2,25,29.996341756087244,19.96548692684647,0.0007341330018605504,-4.1948955073849894e-05,3.0055921729796453,3.0062070237294685,-0.022056079927920892,-0.026891713232169608,2.447408446770249e-05,-2.1010734788262783e-06,3.0062070237294685,1.0002045689216756,2021-10-12 09:21:01
20211012_092201_2_5,6,2,5,2,25,29.969796168992517,19.986964597228507,0.0003400271144090549,-0.00019286669983956898,3.048616650753885,2.9918771835461135,0.008734672700860258,-0.008834659241603114,1.1345659893438155e-05,-9.649624328964531e-06,3.048616650753885,0.9813884545983371,2021-10-12 09:22:01
20211012_092301_2_5,6,2,5,2,25,30.03425283487297,19.95693037445835,-0.00035684483012789106,-4.566658549945274e-05,3.035253055213638,2.9924719198467047,0.01732570836951174,-0.004871416100413067,-1.1881262107294914e-05,-2.2882569935654334e-06,3.035253055213638,0.9859052492201767,2021-10-12 09:23:01
20211012_092401_2_5,6,2,5,2,25,29.959315706173978,19.997596258714175,1.9756771368975413e-05,0.0003661385739990763,2.9746451484988703,3.0259286324510546,-0.011409093113886697,-0.0019808081392545802,6.59453358772943e-07,1.830912922044455e-05,3.0259286324510546,1.0172402022399425,2021-10-12 09:24:01
20211012_092501_2_5,6,2,5,2,25,30.042006279162106,20.022613418123896,-6.549915559265544e-05,3.883474699965377e-05,2.955295512154536,3.0305831415348075,0.004143462327246158,0.025998199983093887,-2.1802523767557865e-06,1.9395443635994926e-06,3.0305831415348075,1.0254754995128672,2021-10-12 09:25:01
20211012_092601_2_5,6,2,5,2,25,30.048938197613023,20.018819440464174,0.0005812127221086118,-0.0005300977407490532,3.0209747050059756,2.9902484145352695,0.0015574438256182482,0.010741826769924993,1.934220498196443e-05,-2.647997012638833e-05,3.0209747050059756,0.9898290143178655,2021-10-12 09:26:01
20211012_092701_2_5,6,2,5,2,25,29.99976814587535,20.017160704092596,0.0007532279713282528,-9.567295141776826e-05,2.9617171227955796,2.982096553831196,0.0017371263810260459,0.03319802040146595,2.510779308912138e-05,-4.7795465516849e-06,2.982096553831196,1.0068809512153476,2021-10-12 09:27:01
20211012_092801_2_5,6,2,5,2,25,30.015133572756106,20.001248850926604,0.00043548134354395575,0.00042627097877713255,2.9558064266923423,3.0211298376859363,0.013144935818716815,-0.018032040875185423,1.4508725822870564e-05,2.1312218149687417e-05,3.0211298376859363,1.022100030097943,2021-10-12 09:28:01
20211012_092901_2_5,6,2,5,2,25,30.068142269717715,19.96674325828386,-0.00024654362552616445,-0.00031034778792335117,3.0098526382166306,3.0180467519851937,-0.005067211749316496,-0.02805023218318422,-8.199496440937887e-06,-1.554323526419829e-05,3.0180467519851937,1.002722430216191,2021-10-12 09:29:01
20211012_093001_2_5,6,2,5,2,25,30.00494271427713,19.994334937233845,0.00022138688396923628,3.090632855674087e-05,3.009239380281157,3.0032745475173943,0.0173338529489491,-0.011759310763686819,7.378347163578974e-06,1.5457542675843893e-06,3.009239380281157,0.9980178270951627,2021-10-12 09:30:01
20211012_093101_2_5,6,2,5,2,25,29.962129161494758,19.981554885821097,0.0001338933881391675,0.00021485863613802226,2.96360524324617,2.9802076823820514,-0.027642007221774196,-3.728740275921407e-05,4.468754120159057e-06,1.075284868298642e-05,2.9802076823820514,1.005602108841492,2021-10-12 09:31:01
20211012_093201_2_5,6,2,5,2,25,29.977250781445736,20.01086173818452,-0.0003987288195092512,3.7270372201597126e-05,3.0391573186201577,2.9617119317198437,0.009625508726401751,-0.016460118280062944,-1.330104693109624e-05,1.8625071068517847e-06,3.0391573186201577,0.9745174800837635,2021-10-12 09:32:01
20211012_093301_2_5,6,2,5,2,25,30.006171346916748,20.01227754497649,0.0002778172122769928,-0.0003130829899321179,2.9596374298179895,3.011805819370277,0.040818242650634544,0.009777420283053367,9.258669127260702e-06,-1.564454566595337e-05,3.011805819370277,1.0176266150126017,2021-10-12 09:33:01
20211012_093401_2_5,6,2,5,2,25,30.008612449887536,20.066701174691765,0.00010699476624191084,-0.00021186198643912912,2.971177225851341,3.0743707705480166,0.02195345118048858,-0.007126858997309559,3.565468627401059e-06,-1.0557888144880068e-05,3.0743707705480166,1.0347315346250028,2021-10-12 09:34:01
20211012_093501_2_5,6,2,5,2,25,29.94342993533635,19.98377975830294,-0.0002490321113768106,0.0002558151893120148,2.9636948486594186,3.0494815550083016,-0.005736836662739647,0.009097939962583916,-8.316753021100195e-06,1.2801141345932202e-05,3.0494815550083016,1.0289458634338442,2021-10-12 09:35:01
20211012_093601_2_5,6,2,5,2,25,29.996410584432013,19.973673862095218,-0.00029057305551326355,-0.0004330027109249375,3.0142886266185274,2.995658110005219,-0.01430096968706407,-0.0016567897411183226,-9.686927530724943e-06,-2.1678671330799228e-05,3.0142886266185274,0.9938192658630012,2021-10-12 09:36:01
20211012_093701_2_5,6,2,5,2,25,29.92952833345103,19.95958440533279,-4.372836929718802e-06,-0.00010369030374479648,3.026128251514029,3.0372552948620686,0.011189540345488096,-0.015807356445709655,-1.4610443843284553e-07,-5.195013164557302e-06,3.0372552948620686,1.0036769900094196,2021-10-12 09:37:01
