plant_cd,line_cd,item_cd,worker_no,serial_no,dim_x,dim_y,dim_h,dim_w,hole_x,hole_y,hole_xc,hole_yc,str_x,str_y,hole_d,hole_ratio,prd_dt
2,4,2,19,20210921_091023_2_4,30.06266084290823,20.033016814137582,2.8469741172936672e-05,0.00019589151213894143,2.9466662246221706,2.959171031344662,-0.02285266273334979,-0.006567199993747825,9.470133506047477e-07,9.77843297174782e-06,2.959171031344662,1.0042437133252493,2021-09-21 09:10:23
2,4,2,19,20210921_091123_2_4,29.90987717747883,19.968722761968415,-0.0009403286529479205,-0.0007568837804827913,2.9885305769407298,2.986055064583672,0.028656409702275218,0.017679694205398656,-3.1438733344447084e-05,-3.790346480869173e-05,2.9885305769407298,0.9991716623627148,2021-09-21 09:11:23
2,4,2,19,20210921_091223_2_4,30.056892262701872,20.00901556605785,1.444133156379833e-05,-1.4846079086897868e-05,3.013970369044721,3.0065363183119804,0.04020537735421923,0.005247049744935255,4.804665578057394e-07,-7.419694905971239e-07,3.013970369044721,0.9975334692042455,2021-09-21 09:12:23
2,4,2,19,20210921_091323_2_4,30.020424700274116,19.917172640334538,-0.0004050653163316178,-6.336180932924003e-06,2.9885840843696765,3.0513499014530066,-0.06175857397231329,-0.006271218855431895,-1.3492990867911312e-05,-3.1812652565417424e-07,3.0513499014530066,1.0210018575055646,2021-09-21 09:13:23
2,4,2,19,20210921_091423_2_4,30.056917093561566,19.961618579941902,-7.158919424741836e-05,0.0007501078431053143,3.101249566439081,3.0181023498090322,0.001686403611986014,-0.038960155871384246,-2.3817876605433144e-06,3.7577506057502147e-05,3.101249566439081,0.9731891243033626,2021-09-21 09:14:23
2,4,2,19,20210921_091523_2_4,29.97056421040845,20.075881382042464,0.00031135403072995045,-0.0004252265686069383,3.0036432135424413,3.0324972780894117,0.0007445650515708736,-0.005773021509726531,1.0388660972282283e-05,-2.1180966380250494e-05,3.0324972780894117,1.009606355514156,2021-09-21 09:15:23
2,4,2,19,20210921_091623_2_4,29.99745371956705,19.94752581723815,0.00035781282698550655,-0.0004599648392404179,2.9799311055885602,2.9738049655505594,-0.027688208955681463,-0.012151449694217267,1.1928106643001792e-05,-2.3058741392525377e-05,2.9799311055885602,0.9979442007815175,2021-09-21 09:16:23
2,4,2,19,20210921_091723_2_4,30.022057833887022,20.038455543391155,-3.37280801683916e-06,0.0005099134148415151,2.959656646583414,2.934256615592966,0.02146792654400574,-0.0024092736912266987,-1.1234433147457819e-07,2.544674232688999e-05,2.959656646583414,0.9914179129461623,2021-09-21 09:17:23
2,4,2,19,20210921_091823_2_4,30.027116738276526,20.0355105691656,0.00018027484497967056,0.00014479444274309515,2.973714769208055,3.0325498325106475,-0.02786175916235705,-0.021248653185561208,6.003734775835752e-06,7.226890587252216e-06,3.0325498325106475,1.0197850392081353,2021-09-21 09:18:23
2,4,2,19,20210921_091923_2_4,30.01672000620619,19.95887030923674,-7.510728379698199e-05,-0.00021981828677740015,2.973997031167677,3.0511474212521894,-0.010280467587145292,0.00288179444927142,-2.502181576849602e-06,-1.101356356204543e-05,3.0511474212521894,1.0259416500003098,2021-09-21 09:19:23
2,4,2,19,20210921_092023_2_4,29.914018252869436,20.04079923471152,-0.00026452445327704614,0.0009254303707892272,3.029871266197933,2.998132113270591,-0.009599214732407354,-0.020273244067591973,-8.84282582971521e-06,4.617731857651377e-05,3.029871266197933,0.9895245869745581,2021-09-21 09:20:23
2,4,2,19,20210921_092123_2_4,30.003964472205364,19.988507134555373,-0.0005033922907263075,-0.0005572665904586946,2.9545832642000787,3.0744444827980733,0.00815445010266619,0.021460341307648987,-1.67775258897081e-05,-2.787935020396362e-05,3.0744444827980733,1.0405678932966018,2021-09-21 09:21:23
2,4,2,19,20210921_092223_2_4,30.009683602483843,19.92984088860906,0.00014709839486767867,0.0005323980900922718,2.9085855392446582,3.0010402505537694,0.03217857768435102,0.009915950295248997,4.901697625879122e-06,2.671361467800603e-05,3.0010402505537694,1.0317868290485694,2021-09-21 09:22:23
2,4,2,19,20210921_092323_2_4,29.983628155986036,20.01403285363976,-0.0005676834711474118,0.00047157210077532495,2.9380521078250803,3.013834124920816,0.03426271376817668,-0.014302453435639389,-1.8933114704935315e-05,2.3562072882755596e-05,3.013834124920816,1.0257932855901029,2021-09-21 09:23:23
2,4,2,19,20210921_092423_2_4,30.02516350769372,20.041310256154535,-0.0006738282255604548,-0.0004223175396100008,3.0254531509182283,2.986757399715407,-0.001026974588452801,0.009799349985848837,-2.2442116772746013e-05,-2.107235176803424e-05,3.0254531509182283,0.9872099321084918,2021-09-21 09:24:23
2,4,2,19,20210921_092523_2_4,30.016708332506585,19.91026126882723,-8.297629303277005e-05,-0.00010837121213977833,2.937532839891928,3.1071782213254204,-0.019730066485736192,-0.009752619133788476,-2.7643368524493038e-06,-5.442982926067936e-06,3.1071782213254204,1.0577509735822166,2021-09-21 09:25:23
2,4,2,19,20210921_092623_2_4,30.003514957963578,20.01005433774245,-4.23406023757404e-05,-0.00034512575670792007,2.9286028377956295,2.9739609454869482,-0.00569558940389632,-0.05044543543784708,-1.4111880702998197e-06,-1.7247617166983537e-05,2.9739609454869482,1.0154879682235984,2021-09-21 09:26:23
2,4,2,19,20210921_092723_2_4,29.898227767958467,20.016196262821612,0.0008246974332499276,9.904851579170864e-05,2.9491351895433833,3.0555695939822374,0.00105855592237133,0.012755606490589173,2.7583488882700425e-05,4.948418495260404e-06,3.0555695939822374,1.0360900391464705,2021-09-21 09:27:23
2,4,2,19,20210921_092823_2_4,29.995578471460874,19.998339613525374,-0.00026649350684864793,-0.00028221529838148325,2.9439323177491863,2.9903195796551376,0.001996005552947102,-0.006179788248257522,-8.884426319772485e-06,-1.4111936482497478e-05,2.9903195796551376,1.0157569050165587,2021-09-21 09:28:23
2,4,2,19,20210921_092923_2_4,29.986649370284972,19.967830022464362,-7.778014734605288e-05,-9.59849169585771e-05,2.9972400427186225,2.9934436354502165,0.024203764080226762,-0.003601567886658127,-2.5938258851663664e-06,-4.806977866427719e-06,2.9972400427186225,0.9987333656249425,2021-09-21 09:29:23
2,4,2,19,20210921_093023_2_4,30.12360393777102,19.986781576412397,-0.0007717784984066952,5.4511964926357106e-05,3.0226618022027325,2.9870187224247426,-0.016477004302125623,-0.015383030715680833,-2.562039057481389e-05,2.7274008432998515e-06,3.0226618022027325,0.988208049027511,2021-09-21 09:30:23
2,4,2,19,20210921_093123_2_4,30.011885781367106,19.920075179139932,-0.000703606056076252,-0.0005404986619140929,3.020819559506427,2.9714752688027968,-0.004209192898333616,0.005371516606908667,-2.3444246762830416e-05,-2.7133364560797277e-05,3.020819559506427,0.9836652637697789,2021-09-21 09:31:23
2,4,2,19,20210921_093223_2_4,29.97254064486896,20.03187613477958,-0.00014739965652707906,-3.079420671062504e-05,2.9599899005623858,3.0012681028629675,-0.03935815426234646,0.02456941184645079,-4.917823226050495e-06,-1.537260239801492e-06,3.0012681028629675,1.013945386196331,2021-09-21 09:32:23
2,4,2,19,20210921_093323_2_4,30.043591633477824,19.940746720291116,-0.00045400298516503723,0.00011542386681075858,3.0375820981918666,2.9582025935607827,0.0072358014580127875,-0.03757052289362983,-1.5111475042788756e-05,5.788342253668297e-06,3.0375820981918666,0.9738675360648409,2021-09-21 09:33:23
2,4,2,19,20210921_093423_2_4,30.036116264455693,19.995884633726362,-6.040536236029145e-05,-0.0002785717479820499,2.9428895060871727,3.086632481536627,-0.0072950869596220035,0.0037900754617153035,-2.0110909755591236e-06,-1.3931454050909688e-05,3.086632481536627,1.0488441632457255,2021-09-21 09:34:23
2,4,2,19,20210921_093523_2_4,30.014847959913634,20.053972577164718,0.000272800317426187,0.00011834840008325575,2.985620031180927,2.9900588038195046,0.015106769178387882,0.011600287036491224,9.088845553724804e-06,5.901494061980419e-06,2.9900588038195046,1.0014867171951622,2021-09-21 09:35:23
2,4,2,19,20210921_093623_2_4,29.99745450769187,19.943065672643225,-0.00016751035877585302,0.00015671264480556952,2.913285988468044,3.0158889812979455,0.02474333059330202,0.011754994251783201,-5.584152439764529e-06,7.858001742457234e-06,3.0158889812979455,1.03521899093877,2021-09-21 09:36:23
2,4,2,19,20210921_093723_2_4,30.06853806850765,19.973245116200506,0.00045488973668798876,0.00010959291971656757,2.9743004476667907,3.045028261305128,0.004685734369032218,-0.03243307701942977,1.512842877999508e-05,5.4869861696973625e-06,3.045028261305128,1.023779646637185,2021-09-21 09:37:23
2,4,2,19,20210921_093823_2_4,30.024060159465495,20.060010661999968,8.479713829078962e-05,3.831085557345541e-05,2.9921287962155234,2.9545795482232893,-0.004468803980127845,0.0031235488786574327,2.824306167800432e-06,1.9098123235810805e-06,2.9921287962155234,0.9874506578594722,2021-09-21 09:38:23
2,4,2,19,20210921_093923_2_4,29.942253481825695,19.935158385845156,-0.0006038431198331456,-0.0007404978837202777,2.9732399957564444,3.012881566258095,-0.018734852900821754,-0.03211662768447308,-2.016692298058546e-05,-3.7145322318886815e-05,3.012881566258095,1.0133327852975975,2021-09-21 09:39:23
2,4,2,19,20210921_094023_2_4,30.040892487488133,19.983518700803593,0.0003435107403463147,0.0011940388453921637,2.9593200184751867,2.9771620433960733,0.005073528260346016,-0.001426713187717708,1.1434771469901736e-05,5.975118112428058e-05,2.9771620433960733,1.0060290961469183,2021-09-21 09:40:23
2,4,2,19,20210921_094123_2_4,30.004641236584714,19.92528538295496,-0.000195650312466587,-0.0004218927671628874,2.99615410558222,3.040749932011822,0.03846761534417035,-0.02150345544899902,-6.520668283413108e-06,-2.1173737743490218e-05,3.040749932011822,1.0148843566979795,2021-09-21 09:41:23
2,4,2,19,20210921_094223_2_4,30.000155554982584,20.098373553544487,0.0006552076039682526,-0.0005399656668845603,3.024004241774904,3.048942660568093,0.027845967105994684,0.02316652751099917,2.184014022085403e-05,-2.6866137473563556e-05,3.048942660568093,1.0082468200436623,2021-09-21 09:42:23
2,4,2,19,20210921_094323_2_4,30.01711193720008,20.05111881728065,0.0007216650410433917,-0.0007593000820214796,2.975616453115093,2.9577790800537005,-0.006886076540487731,0.026785033994124817,2.4041787982575205e-05,-3.7868215182441206e-05,2.975616453115093,0.994005486479039,2021-09-21 09:43:23
2,4,2,19,20210921_094423_2_4,29.995775981422423,19.996667920533945,8.135207583631917e-06,-0.0005779952971523085,2.9584412201884698,3.0561096247548813,0.007768320857802609,-0.01153428282335934,2.7121177290663773e-07,-2.8904580475569304e-05,3.0561096247548813,1.0330134680046776,2021-09-21 09:44:23
2,4,2,19,20210921_094523_2_4,29.969798433382834,19.95981572441914,-0.0004693322813715411,0.0002076218945562422,3.0565257537469988,2.945644744801774,-0.02965801878290976,0.005963113243659318,-1.566017477277258e-05,1.0401994558608796e-05,3.0565257537469988,0.9637231883914947,2021-09-21 09:45:23
2,4,2,19,20210921_094623_2_4,30.003619381403826,19.976273272579775,-0.00017066682444505921,7.548890677534484e-06,2.9535108314897505,2.9817433495864045,-0.005373621267975109,-0.00687166515898149,-5.688207888373564e-06,3.778928418994143e-07,2.9817433495864045,1.0095589688704183,2021-09-21 09:46:23
2,4,2,19,20210921_094723_2_4,29.93756029203247,19.95151430653402,0.0003171693609032925,0.00019297637200773625,2.986669007109792,3.00259151498658,-0.017499759689268507,0.03770043154038558,1.0594362326435245e-05,9.672266928858501e-06,3.00259151498658,1.0053311926560606,2021-09-21 09:47:23
2,4,2,19,20210921_094823_2_4,29.947814341403884,20.013693487255228,0.00011864607444621464,-0.00018099216678680503,3.074630557852196,2.976415235932663,0.009883639904818472,-0.03464864568549158,3.9617607179493685e-06,-9.043416543880885e-06,3.074630557852196,0.9680562200656257,2021-09-21 09:48:23
2,4,2,19,20210921_094923_2_4,30.0712384381406,20.00526656924212,7.365194146394809e-05,-0.0005953359758767843,2.9486755281143457,2.9347646875891775,-0.012870830742917148,0.02021174170974826,2.449248693746257e-06,-2.9758962412033384e-05,2.9486755281143457,0.9952823427357352,2021-09-21 09:49:23
2,4,2,19,20210921_095023_2_4,30.085392963972062,20.024181872866542,-1.160755240251401e-05,8.279900329407387e-05,3.0419352961380546,3.028330942102669,0.05170802515949046,0.002665527890227072,-3.8582020239570466e-07,4.134950622190931e-06,3.0419352961380546,0.995527730634949,2021-09-21 09:50:23
2,4,2,19,20210921_095123_2_4,29.985683234717296,19.94878778691339,0.00029441878429531555,0.00023316234869526274,3.0150561951311445,2.9674054983181417,0.02865979578197194,0.0348096261228988,9.81864518446052e-06,1.1688045969801717e-05,3.0150561951311445,0.9841957516778786,2021-09-21 09:51:23
2,4,2,19,20210921_095223_2_4,29.9595660983314,19.962116206903637,-0.0004607204035198805,-0.00044162095476166165,3.037157097728627,2.993817798399602,0.012986797678391475,0.04837142254289513,-1.53780733007859e-05,-2.212295280642304e-05,3.037157097728627,0.985730307015914,2021-09-21 09:52:23
2,4,2,19,20210921_095323_2_4,30.01620612259353,20.048032372587745,0.0002623354642348678,-0.00024597636192857036,2.884525219025421,2.947349115715093,-0.0035891999310897348,-0.001807151392716237,8.739794201952959e-06,-1.226935179259292e-05,2.947349115715093,1.0217796316271757,2021-09-21 09:53:23
2,4,2,19,20210921_095423_2_4,30.02446338479955,19.99689086031776,0.0005844242436477697,-0.00020832969092837047,3.0315369548739017,3.025622173844114,0.009654993106852148,0.027480698012378697,1.9464935514672526e-05,-1.0418104113464168e-05,3.0315369548739017,0.9980489167317329,2021-09-21 09:54:23
2,4,2,19,20210921_095523_2_4,29.99598426647673,20.024082065727832,-0.0005601029132574858,-0.0004885159341228352,3.015474121662444,2.985572242174465,-0.011275754762519885,-0.0006258747584937397,-1.8672596580984754e-05,-2.4396420895565218e-05,3.015474121662444,0.9900838547168516,2021-09-21 09:55:23
2,4,2,19,20210921_095623_2_4,30.04844121473884,20.004672997922267,-2.3862333820187086e-05,0.0007473038351490343,3.0149173470520383,2.9550349988580997,-0.0005227611390664671,-0.00044203464040998573,-7.941288418143483e-07,3.735646342365362e-05,3.0149173470520383,0.9801379801497739,2021-09-21 09:56:23
2,4,2,19,20210921_095723_2_4,30.00719858558852,20.034600424817075,-0.000685697103120323,0.0007005603479815283,3.0409806649347666,3.0234248451270527,-0.01613791408249309,-0.014810858385641815,-2.285108692051117e-05,3.496752284182003e-05,3.0409806649347666,0.9942269215946855,2021-09-21 09:57:23
2,4,2,19,20210921_095823_2_4,29.93170708488867,20.05851181234164,-0.0005426311487359526,-3.771742141638086e-05,3.035625986388857,3.0362563835140417,-0.01316348080816167,-0.00044068583129822683,-1.8128974307980767e-05,-1.8803698783463097e-06,3.0362563835140417,1.0002076662698276,2021-09-21 09:58:23
2,4,2,19,20210921_095923_2_4,29.993129288080137,20.02684448982394,-2.5140363143906662e-05,-0.00011156141000438609,3.0429903604288633,3.001346069456485,-0.021323094978734337,0.016048947960074462,-8.382040734208398e-07,-5.570593513175417e-06,3.0429903604288633,0.9863146819280396,2021-09-21 09:59:23
2,4,2,19,20210921_100023_2_4,29.970256216106026,20.003914119484573,0.00023083746103802908,0.0006755893894790535,2.9022312766918543,2.999271939875277,0.0018960545595815871,0.00900565641329574,7.70221847199214e-06,3.377285992349886e-05,2.999271939875277,1.033436571358998,2021-09-21 10:00:23
2,4,2,19,20210921_100123_2_4,29.897880322228477,20.008845327848515,-0.00041906835053683587,-0.00020823229720061094,2.9668514019837664,3.0699645131537596,-0.03448260618991996,-0.009435680299206944,-1.4016657569709613e-05,-1.04070121882941e-05,3.0699645131537596,1.03475506427489,2021-09-21 10:01:23
2,4,2,19,20210921_100223_2_4,29.95447338068268,20.108704986510723,-0.0006635817918450058,-0.0001872278082313579,2.9949932217897497,2.9363954706699413,-0.0022462174499081034,-0.001940631942623732,-2.2153011452137317e-05,-9.310783979224601e-06,2.9949932217897497,0.9804347633599012,2021-09-21 10:02:23
2,4,2,19,20210921_100323_2_4,29.993911032962192,19.910219908034183,-0.0004954021208739783,0.0005082101231653821,2.9849136894054635,3.0213740737181887,-0.0025470768529536887,0.013788815315429248,-1.6516756361967926e-05,2.5525088397457072e-05,3.0213740737181887,1.0122148872987973,2021-09-21 10:03:23
2,4,2,19,20210921_100423_2_4,29.964542271261184,20.007132074318548,-0.0002568804023997487,-0.00041277384859658077,2.9775279156982726,2.9534606872863094,0.002620603152855318,-0.043133496567002196,-8.572812495324554e-06,-2.063133521902539e-05,2.9775279156982726,0.9919170435699108,2021-09-21 10:04:23
2,4,2,19,20210921_100523_2_4,30.0309147057332,19.99811741371514,-0.0001090017549419853,-0.0007174475350520948,3.026526525233273,2.9845296531143446,0.002498703930004379,-0.0329721891657028,-3.6296515111201653e-06,-3.587575371269967e-05,3.026526525233273,0.9861237389565943,2021-09-21 10:05:23
2,4,2,19,20210921_100623_2_4,29.948075586661844,20.010184016551268,-1.1185207584369511e-05,-0.00028541607037810924,3.0332021556766864,3.0088070583138253,-0.0005734521609710361,0.016935994657397837,-3.734866887190286e-07,-1.4263540512272629e-05,3.0332021556766864,0.9919573124009539,2021-09-21 10:06:23
2,4,2,19,20210921_100723_2_4,29.98329887786051,20.03000660080284,-0.0005098387819645328,0.0004817574762655756,3.0139789459889066,2.9897878423856534,-0.01931518337684445,0.03289430203189019,-1.700409231290406e-05,2.405178819293379e-05,3.0139789459889066,0.9919736985437647,2021-09-21 10:07:23
2,4,2,19,20210921_100823_2_4,30.00062621055864,19.94427218976,-0.00031868726389272284,0.00014574442922723669,3.050589843137303,2.9054459532458723,0.012989363697887595,0.011734927534000449,-1.0622687061797454e-05,7.307583241972918e-06,3.050589843137303,0.9524210407315323,2021-09-21 10:08:23
2,4,2,19,20210921_100923_2_4,29.9909901547883,19.976173361772123,-0.0012675380196471664,0.0005937162316073931,2.980885349902332,3.0209113611550364,-0.019627188122951784,0.018918670685101686,-4.2263960379607334e-05,2.972121941750727e-05,3.0209113611550364,1.0134275581092094,2021-09-21 10:09:23
2,4,2,19,20210921_101023_2_4,29.98553392841456,19.8879380769521,-0.00021737636016450778,0.0004213527919248176,2.9866834977008896,2.9402315262597765,0.01798634016620348,-0.03976374010236336,-7.2493743377542455e-06,2.1186348745379414e-05,2.9866834977008896,0.9844469722095189,2021-09-21 10:10:23
2,4,2,19,20210921_101123_2_4,30.034097218405613,19.99744115003701,0.0002151827614177431,-0.000515420806726019,3.0049257952599935,2.9721265688400607,0.014695654855870013,-0.006813284811225288,7.164615598496297e-06,-2.577433796948892e-05,3.0049257952599935,0.9890848464638725,2021-09-21 10:11:23
2,4,2,19,20210921_101223_2_4,30.016880423901945,19.9948435536064,-0.00026743302516998266,5.650332310081588e-05,2.985422450821979,2.9338661558076504,0.02290859580127546,-0.005673243389285417,-8.909421012219183e-06,2.8258947337762275e-06,2.985422450821979,0.9827306534121717,2021-09-21 10:12:23
2,4,2,19,20210921_101323_2_4,30.061682388361195,20.00135743432466,-0.00047639589710558964,0.0008127874238705573,2.9584816692178553,3.0548389461819743,-0.00349227879971854,0.022034267772299446,-1.5847279967605308e-05,4.063661311685372e-05,3.0548389461819743,1.0325698407959354,2021-09-21 10:13:23
2,4,2,19,20210921_101423_2_4,29.976131070919635,20.03812199222159,9.061563521860566e-05,9.908547948774869e-05,2.973297056550737,2.98832663085802,-0.013071769296779608,0.007333938844273348,3.0229263077420107e-06,4.944848600393378e-06,2.98832663085802,1.005054851238012,2021-09-21 10:14:23
2,4,2,19,20210921_101523_2_4,30.024376684858822,19.947828530536114,-0.0008221987366040603,-0.00010589660731856344,3.0156001267282324,2.972665320002851,0.024026870103965196,-0.007391903585484903,-2.738437321227361e-05,-5.308678443694111e-06,3.0156001267282324,0.9857624337043773,2021-09-21 10:15:23
2,4,2,19,20210921_101623_2_4,30.044847320828122,20.02777172722282,-0.00047914183288429667,-0.0005391754683051056,3.0141464745205657,2.9406104019489643,-0.023933746172636237,-0.009736495719401534,-1.5947554260065722e-05,-2.6921390739251805e-05,3.0141464745205657,0.9756030195635074,2021-09-21 10:16:23
2,4,2,19,20210921_101723_2_4,30.017102585478803,19.99849080007227,0.0006943334761339377,-0.00035110398518285307,3.006724938564222,2.989898801146303,-0.029676447508681512,0.009152590304631772,2.3131262391388547e-05,-1.7556524074385867e-05,3.006724938564222,0.9944038321556763,2021-09-21 10:17:23
2,4,2,19,20210921_101823_2_4,29.982088532204827,19.973176950561648,0.0005261510775925552,-9.219092275364538e-05,3.033458366580814,3.0076377147121174,-0.0473816064142413,-0.011829653704175849,1.7548846773212535e-05,-4.615736544158187e-06,3.033458366580814,0.9914880480466918,2021-09-21 10:18:23
2,4,2,19,20210921_101923_2_4,30.019430164407858,19.969173196848136,-3.0622538708356263e-05,0.0006274135483024121,3.034081086127667,3.001108580859786,0.011831455077639962,0.0015892803864545114,-1.0200906060056887e-06,3.141910494328533e-05,3.034081086127667,0.9891326222563277,2021-09-21 10:19:23
2,4,2,19,20210921_102023_2_4,29.943831756697083,20.027510834450123,0.0004028707466586031,-0.00032031385696367306,3.022799473599096,3.0489535439013022,0.013517424446206511,0.012472764410608201,1.3454214875773176e-05,-1.599369285636278e-05,3.0489535439013022,1.0086522677176022,2021-09-21 10:20:23
2,4,2,19,20210921_102123_2_4,30.027327942896736,20.027236176626523,0.0001269336810316001,-0.0001358254509482508,3.0686122242310327,3.024009008297593,-0.01926715518087357,-0.009967611255947435,4.227271946174868e-06,-6.782036709926584e-06,3.0686122242310327,0.9854646945673896,2021-09-21 10:21:23
2,4,2,19,20210921_102223_2_4,30.033469049767202,19.895754633811244,0.00019224124186151178,1.669744123681738e-05,3.0090636845715655,2.9617427029809287,0.01107266590597489,0.02281537923792725,6.400900326997087e-06,8.392464394610805e-07,3.0090636845715655,0.9842738517522023,2021-09-21 10:22:23
2,4,2,19,20210921_102323_2_4,30.04266263790127,19.980866418839376,-3.1115347485226604e-05,-0.0006976952484410593,3.070787952978806,2.9812066345342516,0.04239019213822663,-0.005038526253584959,-1.0357053853799248e-06,-3.4918167902029655e-05,3.070787952978806,0.9708279048191341,2021-09-21 10:23:23
2,4,2,19,20210921_102423_2_4,30.037937216667345,19.959573035628427,0.00028691866649726444,0.0003238283350809508,3.033637106330148,3.019501402010613,0.01692019350241365,-0.008317333708915797,9.551876496301485e-06,1.6224211535131922e-05,3.033637106330148,0.9953403443378119,2021-09-21 10:24:23
2,4,2,19,20210921_102523_2_4,29.94773623519246,19.986490172713218,-0.00021665713935080773,-0.00035870470678954096,3.0321431258842217,2.9768298886588496,0.005885764934381736,-0.007580352180928057,-7.234508065962181e-06,-1.7947358625241096e-05,3.0321431258842217,0.9817577090101108,2021-09-21 10:25:23
2,4,2,19,20210921_102623_2_4,29.96526295801535,20.00281725893298,-0.000570092787657854,3.705756898535224e-05,2.919325774431762,3.097902492070749,-0.013114713328825169,-0.016667990704493024,-1.9025122137476885e-05,1.852617484109787e-06,3.097902492070749,1.061170534375783,2021-09-21 10:26:23
2,4,2,19,20210921_102723_2_4,29.95616543138803,20.002138688325086,0.00018486646869606438,0.00010654173485814278,2.9354686558896983,3.0693858563708165,0.02782889737666201,-0.006405469876042702,6.171232734025482e-06,5.326517154904511e-06,3.0693858563708165,1.0456203816765095,2021-09-21 10:27:23
2,4,2,19,20210921_102823_2_4,30.059380372621092,19.95228205851235,0.0006512942887500958,0.0002696509914512364,2.9976162062651075,3.0000378864931485,0.0036449910049730044,0.019768862511589748,2.1666923292381388e-05,1.3514794481175338e-05,3.0000378864931485,1.0008078686734412,2021-09-21 10:28:23
2,4,2,19,20210921_102923_2_4,30.00341310056137,19.915699710752826,-0.00027708612024849943,0.0006034330978523496,3.0225743379102545,2.994025354744594,-0.0642353319963799,-0.02658108445935037,-9.235153324716749e-06,3.0299367163411578e-05,3.0225743379102545,0.9905547457319449,2021-09-21 10:29:23
2,4,2,19,20210921_103023_2_4,30.019846875673185,20.01773617732856,-0.0004697910086681916,0.0004364522526347026,2.9989297418357372,3.0309238104384058,0.0015111426083112536,0.02870230344509116,-1.564934726728704e-05,2.1803277292115296e-05,3.0309238104384058,1.0106684955490435,2021-09-21 10:30:23
2,4,2,19,20210921_103123_2_4,29.973762506310877,20.013993813010828,-7.221867423695365e-05,-2.9816807408583605e-06,3.03822692347082,2.917137447041695,0.00146819437571746,0.01609693473966044,-2.409396358623588e-06,-1.489797972716475e-07,3.03822692347082,0.9601446898209979,2021-09-21 10:31:23
2,4,2,19,20210921_103223_2_4,29.99708822049063,19.95326902678588,-0.0006416220751694426,-0.0005952531833873997,2.9597289811268785,3.0418655756586914,-0.007921995505213318,0.00973142768271495,-2.1389478553827057e-05,-2.9832363939378232e-05,3.0418655756586914,1.027751390433235,2021-09-21 10:32:23
2,4,2,19,20210921_103323_2_4,30.00412391025364,19.94037582108228,-0.0005689099195189038,0.00021197286198106486,3.015184320977906,2.982603233899144,0.011408352242287676,0.02914965256395955,-1.896105752731157e-05,1.0630334346905998e-05,3.015184320977906,0.9891943298948321,2021-09-21 10:33:23
2,4,2,19,20210921_103423_2_4,30.08375973621528,20.012453670065828,-0.0005669170408864978,9.18284002215123e-05,2.957927949436539,2.990435497092661,0.01492486389344575,-0.011506050276962032,-1.884462068097275e-05,4.588562788723261e-06,2.990435497092661,1.0109899727822358,2021-09-21 10:34:23
2,4,2,19,20210921_103523_2_4,29.97257516374139,19.969691907185403,-0.0006744617748882918,0.0001926428520208479,2.9515420783350526,2.976233777826234,0.045327124777211084,0.015675381234291217,-2.2502630194558852e-05,9.646761347957102e-06,2.976233777826234,1.008365694554187,2021-09-21 10:35:23
2,4,2,19,20210921_103623_2_4,29.980777660792665,19.97208951010709,0.0009390991722603368,0.00038851084969038376,2.918824617703493,3.031395946729076,0.015335572412434842,-0.030742628405371383,3.132337602731509e-05,1.9452689188768842e-05,3.031395946729076,1.0385673494538883,2021-09-21 10:36:23
2,4,2,19,20210921_103723_2_4,30.01790564901871,20.03560616696506,-0.0007940967584221153,0.0005874568398737105,3.0078553254609908,3.0294213349727555,0.01961955100320825,0.022880741340156517,-2.6454102684811203e-05,2.9320642209583663e-05,3.0294213349727555,1.0071698958820299,2021-09-21 10:37:23
2,4,2,19,20210921_103823_2_4,29.98725302391117,19.99506803909601,0.0006591099509975105,-0.0003527736221941301,2.9888674895187686,3.009036384376816,-0.019873139496807794,-0.00035479700205902104,2.1979670844540207e-05,-1.7643031846871335e-05,3.009036384376816,1.0067480057007463,2021-09-21 10:38:23
2,4,2,19,20210921_103923_2_4,29.950569842487063,20.003738485729748,0.00011889246756044049,-4.086447369733594e-05,2.9894076137058074,3.068382022661213,0.03434392246700418,-0.00012436095056986813,3.969622888168988e-06,-2.04284182811567e-06,3.068382022661213,1.0264180798206723,2021-09-21 10:39:23
2,4,2,19,20210921_104023_2_4,29.991970785215962,20.03401471870219,9.491134174492706e-05,-0.00023695466066349163,2.9182294269374034,2.939736795541005,-0.03381385396699874,-0.0019088559962973576,3.1645583554553213e-06,-1.182761737927093e-05,2.939736795541005,1.0073700060745987,2021-09-21 10:40:23
2,4,2,19,20210921_104123_2_4,29.912422162105415,20.04225368547014,0.0004930854710388595,2.2439472683915246e-05,2.9959716304676065,3.0055224903330386,-0.00997682862064806,0.00952927566579814,1.6484304359127606e-05,1.1196082554420013e-06,3.0055224903330386,1.0031879006357418,2021-09-21 10:41:23
2,4,2,19,20210921_104223_2_4,30.05069837525204,19.974781802646902,-0.0006728119631725121,-1.0963072114269664e-05,3.098797849664285,2.963738309621145,-0.007359360544393722,-0.011750855887842566,-2.2389228854880784e-05,-5.48845650610157e-07,3.098797849664285,0.9564155047875188,2021-09-21 10:42:23
2,4,2,19,20210921_104323_2_4,29.952799106785896,20.084817863648627,-0.00030199856464547127,3.618554816217567e-05,2.9783141684166052,3.0320202925815773,-0.008659794323239033,0.018419372220342914,-1.008248222708016e-05,1.8016368586377696e-06,3.0320202925815773,1.0180323905162512,2021-09-21 10:43:23
2,4,2,19,20210921_104423_2_4,29.99400936092781,20.000905960511922,-0.0002218730211001907,-0.0007789378709158374,2.992548714472582,3.039542176816032,-0.037211473212127845,-0.001850974904888622,-7.397244510739443e-06,-3.894512940832309e-05,3.039542176816032,1.0157034911800031,2021-09-21 10:44:23
2,4,2,19,20210921_104523_2_4,30.043345592373267,19.962758800687972,-0.0003826648591399181,-0.0002286428282436937,3.0202503588147835,2.9842163473065457,0.026449501009733194,-0.012885901022934033,-1.2737092077956208e-05,-1.145346845726624e-05,3.0202503588147835,0.988069197176628,2021-09-21 10:45:23
2,4,2,19,20210921_104623_2_4,30.040828519434776,19.998166665137717,-0.0008983394258743477,0.00044345610000778884,3.025984847814425,2.9134181968726636,-0.018760989764466118,0.014575069191497144,-2.990394972938816e-05,2.2174837695540076e-05,3.025984847814425,0.9627999951741116,2021-09-21 10:46:23
2,4,2,19,20210921_104723_2_4,30.009244940452618,19.95357139211741,-0.00022349721797592083,7.65935808408788e-05,2.95979856403198,3.074138232012201,0.016501702467095317,0.003249855921870578,-7.447612174828345e-06,3.838590061683736e-06,3.074138232012201,1.0386308951459393,2021-09-21 10:47:23
2,4,2,19,20210921_104823_2_4,30.049826534487693,20.000983440237484,0.001018404723285381,0.0005164855731833969,3.0490252910649196,3.100276710540069,-0.02176739532625683,-0.029924501522900382,3.389053584441076e-05,2.5823008889870085e-05,3.100276710540069,1.016809115892,2021-09-21 10:48:23
2,4,2,19,20210921_104923_2_4,30.069020403349278,19.999006627004263,0.0002934850376863627,0.0003357934802312066,2.9739091311165997,2.973321146823935,0.02505396352457532,0.0022519594402591217,9.76037907951509e-06,1.6790507973420604e-05,2.9739091311165997,0.9998022857233557,2021-09-21 10:49:23
2,4,2,19,20210921_105023_2_4,30.045237563858233,19.95850813517836,4.314339781515837e-05,0.0007977971286876472,2.950725610037763,3.002065205010565,0.02329650457976819,0.018773495324331896,1.435947967575935e-06,3.997278370127626e-05,3.002065205010565,1.0173989729164092,2021-09-21 10:50:23
2,4,2,19,20210921_105123_2_4,29.983486284255445,19.992576866723983,-0.0002186743699679996,-0.0009878871617119743,2.9538752906102395,2.9061841446985714,-0.024488386117658963,-0.04981456310769435,-7.293160238101703e-06,-4.9412697937714676e-05,2.9538752906102395,0.9838547192350102,2021-09-21 10:51:23
2,4,2,19,20210921_105223_2_4,29.995150077341357,19.965525037761097,0.00126021304080118,-0.0008307230622010633,2.9852788619432564,3.064633318657467,-0.012142228791293399,-0.004736302809665739,4.2013893497841096e-05,-4.1607874605346184e-05,3.064633318657467,1.0265819242972012,2021-09-21 10:52:23
2,4,2,19,20210921_105323_2_4,30.045839900430277,19.95278404898225,-0.00013106768921406522,-0.00047285875325075305,2.992902200263552,2.9425153728428084,0.00809810390503904,0.0055662203949025995,-4.362257458883293e-06,-2.3698885934410372e-05,2.992902200263552,0.9831645593309709,2021-09-21 10:53:23
2,4,2,19,20210921_105423_2_4,30.000433014750886,20.006039475390832,-0.0002300708278371386,-0.0003614460402624587,2.991760734599844,2.9937418225457817,-0.004236794549173396,-0.0039582277341883515,-7.668916902766545e-06,-1.8066846299442163e-05,2.9937418225457817,1.0006621812777428,2021-09-21 10:54:23
2,4,2,19,20210921_105523_2_4,29.889421920377742,20.07269487735274,-0.0002448503600576797,-0.0006391256207139962,2.9368256743057497,2.964935157379373,-0.014966590345609107,-0.0027763017247619337,-8.19187338952005e-06,-3.184054879622055e-05,2.964935157379373,1.0095713829116768,2021-09-21 10:55:23
2,4,2,19,20210921_105623_2_4,29.976662261382053,19.999337989081884,0.00014413004278385132,0.0013190112194287342,3.042107023386128,3.019264053678024,0.0124864822048552,0.0016907688863284326,4.808075079443695e-06,6.595274404326853e-05,3.042107023386128,0.9924910696656958,2021-09-21 10:56:23
2,4,2,19,20210921_105723_2_4,30.02556089822644,19.95829949532672,0.0002758625561182783,-0.00027819096631313925,2.9946248475210293,3.0044978641662134,-0.024531884688930628,0.02062157269744163,9.187590435140648e-06,-1.393861067062744e-05,3.0044978641662134,1.0032969126845244,2021-09-21 10:57:23
2,4,2,19,20210921_105823_2_4,29.961565653295434,20.0036448641279,-0.00023806633733445716,9.965403274943148e-05,3.095386409304986,3.075790714796398,0.004542331042934271,0.02789254917666857,-7.945724201774901e-06,4.981793739406906e-06,3.095386409304986,0.9936693866556752,2021-09-21 10:58:23
2,4,2,19,20210921_105923_2_4,29.944742812011295,19.95026602605311,6.896049552109714e-05,-0.0003572911455634438,3.028500387325592,2.953990724081384,0.038955811480705475,0.0014246407598465887,2.30292495594372e-06,-1.7909091793405475e-05,3.028500387325592,0.9753971755935598,2021-09-21 10:59:23
2,4,2,19,20210921_110023_2_4,29.987893428664215,19.941460789596412,-0.0005138021093996726,4.834219080584764e-05,3.005922461811883,2.9760447809789508,0.025927654515649632,0.01451927130920347,-1.7133651305714924e-05,2.424205092892095e-06,3.005922461811883,0.990060395365314,2021-09-21 11:00:23
2,4,2,19,20210921_110123_2_4,30.01906184671543,19.9756131646624,0.0003843154675496309,0.00016350865386410528,3.0409372510801624,3.0225247136974582,0.0179361013936396,-0.056847668485415455,1.2802381017502756e-05,8.18541350977692e-06,3.0409372510801624,0.9939451110422736,2021-09-21 11:01:23
2,4,2,19,20210921_110223_2_4,29.950961737595783,19.94678418619991,0.000247139745990165,0.00019851149503516318,2.912891542243632,3.0268924036189317,0.020173785692413633,-0.018921880336924598,8.251479473527027e-06,9.952055087280809e-06,3.0268924036189317,1.0391366653107488,2021-09-21 11:02:23
2,4,2,19,20210921_110323_2_4,30.02564073530137,19.987552008927736,-0.0005067600077307041,-0.00042094263550654485,2.902957131838521,2.980121650234679,0.030235508999877887,-0.007754084886314864,-1.6877575143131e-05,-2.1060239659090047e-05,2.980121650234679,1.0265813496003255,2021-09-21 11:03:23
2,4,2,19,20210921_110423_2_4,30.02687446332167,19.969194630451717,-0.0003632098791723039,0.001114395046289701,2.966389778254646,2.9854305295256793,-0.008913628169603468,0.017602451702738203,-1.2096160045427666e-05,5.5805708087512024e-05,2.9854305295256793,1.0064188298552716,2021-09-21 11:04:23
2,4,2,19,20210921_110523_2_4,29.972082983300037,20.006599385374013,0.0004973210721391246,7.84492963029921e-05,3.000986951365073,3.0417776931720315,-0.0005743107808668601,-0.027788319340106143,1.6592809796243523e-05,3.921170949239035e-06,3.0417776931720315,1.0135924422425109,2021-09-21 11:05:23
2,4,2,19,20210921_110623_2_4,30.065885945950836,19.97880083326377,-0.0004603112328433708,-0.00018904032135749283,3.044464985893613,2.9887540977820697,-0.007276768285831269,0.009164327144141672,-1.5310083783024657e-05,-9.462045441823993e-06,3.044464985893613,0.9817009266423896,2021-09-21 11:06:23
2,4,2,19,20210921_110723_2_4,30.01380696152228,20.01704616157291,0.00018432324322408694,-0.00018634586535793728,3.033353959510019,3.015197693375424,-0.028750745899454342,-0.05086585305318691,6.141281692801898e-06,-9.309358826162316e-06,3.033353959510019,0.9940144584585414,2021-09-21 11:07:23
2,4,2,19,20210921_110823_2_4,30.05362023274513,20.063965104613526,-0.0006545401343470269,-0.0004173105257211559,3.0463366617299825,2.985543700755041,0.014650943324721888,0.010884516124901987,-2.177907783748023e-05,-2.0799005757102276e-05,3.0463366617299825,0.9800439125003282,2021-09-21 11:08:23
2,4,2,19,20210921_110923_2_4,29.984558517454566,19.992249703763456,-0.00017900761795985933,1.651139744341644e-05,2.9671840789186614,2.9157207050798246,-0.004384100214224371,0.022315361681038173,-5.969993450317292e-06,8.258899167465e-07,2.9671840789186614,0.9826558203097424,2021-09-21 11:09:23
2,4,2,19,20210921_111023_2_4,30.037646041006006,20.04585848848462,-0.00032450179656516164,0.00043353408941063803,2.959124696782416,3.015871204388197,-0.027162707616319635,-0.02108453832940193,-1.080316999947888e-05,2.1627115130024612e-05,3.015871204388197,1.0191767882129077,2021-09-21 11:10:23
2,4,2,19,20210921_111123_2_4,30.030563094665116,19.95533669270063,0.0005051958868658116,0.00014284010595620514,3.0257546012806555,3.044703373736973,-0.016192872368734477,0.023393492481921567,1.6822724411569856e-05,7.157990273772427e-06,3.044703373736973,1.006262494799908,2021-09-21 11:11:23
2,4,2,19,20210921_111223_2_4,30.021880932817805,19.99106415539323,-0.00019933737886430633,-0.0010440321776610337,3.0775663465980054,2.995565199936837,-0.023571045358723744,-0.02528683096566848,-6.639736507861663e-06,-5.2224942581627035e-05,3.0775663465980054,0.9733551977679331,2021-09-21 11:12:23
2,4,2,19,20210921_111323_2_4,29.99034898706661,20.030476983973166,0.00014301816308267645,3.5037175207729025e-05,2.9912896413361207,2.9639703754127122,-0.0588988832443404,0.023440300007300945,4.7688062297758945e-06,1.7491932536485804e-06,2.9912896413361207,0.9908670609673205,2021-09-21 11:13:23
2,4,2,19,20210921_111423_2_4,30.00611519663008,20.017039367024434,-0.00037678785687194965,0.00024028643032022952,3.0462362518948614,3.0006955104197623,0.017319074464638637,-0.01730726661146024,-1.2557035604337941e-05,1.2004094407491216e-05,3.0462362518948614,0.9850501610153279,2021-09-21 11:14:23
2,4,2,19,20210921_111523_2_4,30.02829390167608,20.004952196869176,-5.937075552633989e-05,-2.7939157640206198e-05,2.9471091350664693,3.0365100248833827,0.02324578290445371,0.017751929029916954,-1.9771604647517456e-06,-1.3966120671149988e-06,3.0365100248833827,1.030335113400847,2021-09-21 11:15:23
2,4,2,19,20210921_111623_2_4,29.96334408707929,19.949151819691455,0.0005661751450518276,0.000397833418019832,3.0110207656323165,3.0802294048988004,0.03906746162161649,0.026733847943839796,1.8895592675050314e-05,1.9942372568799525e-05,3.0802294048988004,1.022985108590558,2021-09-21 11:16:23
2,4,2,19,20210921_111723_2_4,30.00567481268824,19.963748326064508,-0.00042951083261271984,-0.00020299092321877986,2.9864478776185903,3.0584618615961654,0.0056965239573368845,0.03394789198976364,-1.4314320050922378e-05,-1.0167976469316464e-05,3.0584618615961654,1.0241135914399415,2021-09-21 11:17:23
2,4,2,19,20210921_111823_2_4,30.035408629893187,19.973082330112963,-0.00011563890879845604,-0.00016642038207116686,3.0385448830817925,3.0128414917546205,-0.01814402444013135,0.006810592809851584,-3.85008608417482e-06,-8.332233318853276e-06,3.0385448830817925,0.9915408880512889,2021-09-21 11:18:23
2,4,2,19,20210921_111923_2_4,29.969142785598784,19.92101241253696,-0.00028570176167806716,0.0005729055300804344,3.0218182160909834,3.001078805241804,0.01961459191653793,0.036602076568241014,-9.533197653399576e-06,2.8758856137245602e-05,3.0218182160909834,0.9931367774743222,2021-09-21 11:19:23
2,4,2,19,20210921_112023_2_4,30.058677388771866,20.01132878484193,0.0009455995886471792,0.00019252268076864565,2.954824432823832,3.0243133673734297,-0.021582887901351547,0.045391625187341654,3.145845628591759e-05,9.620684505192712e-06,3.0243133673734297,1.0235171111277124,2021-09-21 11:20:23
2,4,2,19,20210921_112123_2_4,29.978060559256402,20.019364425552972,0.0008844170244944132,-0.00015086837018429407,2.9930573301608847,3.0057479604393835,-0.030440391028222564,0.029863482637055825,2.9502142833630692e-05,-7.536121875663733e-06,3.0057479604393835,1.0042400224514967,2021-09-21 11:21:23
2,4,2,19,20210921_112223_2_4,29.97714472291231,19.9813489453091,-0.00038403149200484687,5.590679310592622e-05,2.9074844360098084,2.9291668505382122,-0.009741728033298439,0.018916334439830932,-1.2810809553563706e-05,2.79794889018497e-06,2.9291668505382122,1.0074574481843694,2021-09-21 11:22:23
2,4,2,19,20210921_112323_2_4,30.11175454256531,19.886776982625523,0.00013370141182471025,8.19034593166868e-05,2.9833098206698048,3.017286100202527,0.05479692723419863,-0.013715606448542044,4.440173409215092e-06,4.118488349733261e-06,3.017286100202527,1.0113887868089724,2021-09-21 11:23:23
2,4,2,19,20210921_112423_2_4,30.008998934709076,19.985322145287157,-9.289297906594167e-05,-0.0004531480392108341,2.9531821251492594,3.0118383944854985,-0.03576997218305059,-0.03920616108530108,-3.095504094223536e-06,-2.2674042275455302e-05,3.0118383944854985,1.0198620561992175,2021-09-21 11:24:23
2,4,2,19,20210921_112523_2_4,29.955919967557094,19.951510986858075,0.00039632090490523156,3.444847050012999e-05,2.9937060768771393,2.957494700328927,-0.01207451626374977,0.008530842037423308,1.323013632478841e-05,1.7266096047973994e-06,2.9937060768771393,0.9879041643974662,2021-09-21 11:25:23
2,4,2,19,20210921_112623_2_4,30.020933862997726,19.963494397083814,-0.0005394801517725631,-0.0011067641091900063,3.06716063566652,3.0202461552714026,0.010079941677528235,0.008545760570862712,-1.7970132249533345e-05,-5.543939789176778e-05,3.06716063566652,0.9847042636601514,2021-09-21 11:26:23
2,4,2,19,20210921_112723_2_4,29.99672398436317,19.99062918214446,0.00015933511989357855,-0.00021571927451567334,2.9885397087655354,2.9190740490704714,-0.04525659259887866,-0.015943939153058927,5.311750709065346e-06,-1.0791019759815905e-05,2.9885397087655354,0.9767559857105736,2021-09-21 11:27:23
2,4,2,19,20210921_112823_2_4,30.042678921150664,19.99780388369776,-0.0004143281075762381,1.3676337373762556e-05,2.9423557780212866,3.004407260808181,-0.005202320654875939,-0.023282998808165582,-1.3791316968226245e-05,6.838919640026836e-07,3.004407260808181,1.0210890481873078,2021-09-21 11:28:23
2,4,2,19,20210921_112923_2_4,30.046747685939216,19.973468523386682,-0.00029306781864966476,0.0001815861174095429,2.9484934196200516,3.0262650013992327,0.03675647274195947,0.013771370355733423,-9.753728480464121e-06,9.091366239014821e-06,3.0262650013992327,1.0263767187885409,2021-09-21 11:29:23
2,4,2,19,20210921_113023_2_4,29.982373364550497,19.983969896318005,-0.0002687683588973243,0.0003576499793369481,2.9611506811317803,3.004311899550796,0.017522398172814105,-0.015006362842912836,-8.964212259964089e-06,1.789684337959517e-05,3.004311899550796,1.0145758264495068,2021-09-21 11:30:23
2,4,2,19,20210921_113123_2_4,29.966335454273015,20.011711760734077,0.0005589616546167129,0.0005098443167922629,2.9571599563266004,2.9513538174031133,-0.003766928138811126,-0.012099137996001413,1.8652986631270204e-05,2.54772966394935e-05,2.9571599563266004,0.9980365827316627,2021-09-21 11:31:23
2,4,2,19,20210921_113223_2_4,29.8829149752895,19.971807689133616,-0.0004160965367510695,0.0004991540636630048,3.0204092030339655,2.960460075562322,0.0240774171725027,-0.03462484831878481,-1.3924228513019702e-05,2.4992933610841228e-05,3.0204092030339655,0.9801519848994549,2021-09-21 11:32:23
2,4,2,19,20210921_113323_2_4,29.96249076336232,19.960257856457325,-0.00018080338873960458,2.1736645079061677e-05,3.0154615314974635,2.9989422747079235,0.025277687431466404,0.007722214342747468,-6.034324388034129e-06,1.0889962061301564e-06,3.0154615314974635,0.9945218147812561,2021-09-21 11:33:23
2,4,2,19,20210921_113423_2_4,29.956819477350862,20.036229070711975,-0.00016462009498990158,3.359982163047184e-05,3.0055130967089534,2.975135061562265,-0.018142557232001373,-0.06994571200233803,-5.495246086266406e-06,1.6769533584334234e-06,3.0055130967089534,0.9898925627108555,2021-09-21 11:34:23
2,4,2,19,20210921_113523_2_4,30.013949410089623,20.025316235343002,0.0002792797399690583,0.0006740389958486961,2.997493903001605,2.9887788167560836,-0.026861716200094303,0.002037360160857198,9.30499802452437e-06,3.365934339948519e-05,2.997493903001605,0.9970925424612893,2021-09-21 11:35:23
2,4,2,19,20210921_113623_2_4,30.080049538895825,20.008184638442064,0.00045013211227903953,0.00015204636769229027,3.052169139428685,3.005715675350967,-0.004818298879748682,-0.035527170695274043,1.4964473768468498e-05,7.599208545894814e-06,3.052169139428685,0.9847801802732291,2021-09-21 11:36:23
2,4,2,19,20210921_113723_2_4,29.99316979364539,20.028478270830654,0.00037594206142166955,-0.001254513999050652,2.954792956159751,3.044757117015776,0.012170417324964548,-0.033531552727500094,1.2534255765835056e-05,-6.2636510976359e-05,3.044757117015776,1.030446857763242,2021-09-21 11:37:23
2,4,2,19,20210921_113823_2_4,29.95188946615902,19.985895434722945,0.0002644441521788055,0.0005634102891229082,2.923769526631896,3.087165372084299,0.0012363391566689093,-0.009586926945628725,8.82896394491527e-06,2.8190395119552897e-05,3.087165372084299,1.0558853370500207,2021-09-21 11:38:23
2,4,2,19,20210921_113923_2_4,29.988908723889526,20.025390279689603,-0.0002735874432975277,0.00013898225530529132,3.082035509309795,3.004004638483179,-0.010327484676236584,-0.02184150916854447,-9.122954283414276e-06,6.940301954876336e-06,3.082035509309795,0.9746820338082053,2021-09-21 11:39:23
2,4,2,19,20210921_114023_2_4,30.0300352566749,20.03652762573764,-0.0003378655216636179,-0.000394008003535557,2.9733857434297097,2.9970805389594077,-0.009409915752390299,-0.009927715384208181,-1.1250919913206534e-05,-1.966448532875724e-05,2.9970805389594077,1.007968961168949,2021-09-21 11:40:23
2,4,2,19,20210921_114123_2_4,30.03987717213563,20.03547372601562,-1.985995623932786e-06,-0.0004026644248332853,2.9580724580548825,3.0738590501815866,-0.01189237042304856,-0.02970548849260369,-6.611197551017135e-08,-2.009757444918482e-05,3.0738590501815866,1.0391425814507738,2021-09-21 11:41:23
2,4,2,19,20210921_114223_2_4,29.957185949055802,19.98859119796058,0.00046892208587091225,0.0001709184503117274,3.011830718912051,2.9749489122085317,0.005116900512550661,0.011381326324336001,1.5653075247733402e-05,8.550800234944325e-06,3.011830718912051,0.9877543560227575,2021-09-21 11:42:23
2,4,2,19,20210921_114323_2_4,30.072417189510194,19.949858006649194,-0.00025268642874026325,0.000559901099696303,3.0265138343684885,3.011967080372627,0.00021152312908331045,-0.021195259686336284,-8.40259787392165e-06,2.806541778441183e-05,3.0265138343684885,0.9951935610435111,2021-09-21 11:43:23
2,4,2,19,20210921_114423_2_4,29.925376453636794,20.002756317811606,-0.0003986441670613094,-0.00033110899348752336,3.0256584093477485,2.973163322940719,-0.007208852082483262,0.02148508935321396,-1.332127492795041e-05,-1.65531683847333e-05,3.0256584093477485,0.9826500287524704,2021-09-21 11:44:23
2,4,2,19,20210921_114523_2_4,30.0282938717065,20.044113361537683,0.00031673781868816727,0.00042500352878848205,2.978313585575661,3.0120467135831372,-0.006983274581232768,-0.0020878439251342217,1.0547979183945797e-05,2.1203408757606325e-05,3.0120467135831372,1.0113262512620733,2021-09-21 11:45:23
2,4,2,19,20210921_114623_2_4,30.035167614226275,20.00870950539841,0.0007149951847998865,0.00018222005119423993,2.9148226598137335,2.9924688395007135,-0.0239695492967994,-0.008124570814980093,2.380526701176877e-05,9.107036670459752e-06,2.9924688395007135,1.0266383889344204,2021-09-21 11:46:23
2,4,2,19,20210921_114723_2_4,30.013693576293743,19.951274258357614,8.847842103137846e-05,-0.0005275847278466917,2.9796778696579667,2.949673591655768,-0.0023946530734815026,0.015759502058521516,2.947935108568676e-06,-2.644366074140281e-05,2.9796778696579667,0.9899303618328237,2021-09-21 11:47:23
2,4,2,19,20210921_114823_2_4,29.97440186316884,20.052231476084643,-0.0002107164801239062,0.0002876811349600452,2.95355015198983,2.9756667965782837,0.005038236125109925,0.01834193364932325,-7.029881066044719e-06,1.434658957049987e-05,2.9756667965782837,1.0074881561003979,2021-09-21 11:48:23
2,4,2,19,20210921_114923_2_4,30.05110393515124,20.00826132684088,0.00016513220220958777,0.00017373850652479717,2.9225633211296933,3.014944595880932,-0.005841491774534655,0.0055243299887989825,5.4950461242932936e-06,8.683338531355981e-06,3.014944595880932,1.0316096743168355,2021-09-21 11:49:23
2,4,2,19,20210921_115023_2_4,29.972359517642957,20.016411245653455,-3.593660517769224e-05,-0.00013446758064024296,2.979241029747044,3.0171678820083696,0.046108539979747426,-0.01640312002844022,-1.1989915293968927e-06,-6.717866604056832e-06,3.0171678820083696,1.0127303739048417,2021-09-21 11:50:23
2,4,2,19,20210921_115123_2_4,29.981646369457348,20.02217139877145,0.0004107284878229807,-0.000675654555274379,3.000729416644678,3.0116687346348,0.014798425850526471,-0.0078092983819575915,1.3699330675896257e-05,-3.374531871782082e-05,3.0116687346348,1.0036455529543726,2021-09-21 11:51:23
2,4,2,19,20210921_115223_2_4,29.99604434384801,20.07201857322179,0.000264790418900684,0.00035326699319687926,3.040382200870073,3.0339963187547334,0.027589255270803102,0.012195210357119738,8.82751124999556e-06,1.7599973411153327e-05,3.040382200870073,0.9978996449480884,2021-09-21 11:52:23
2,4,2,19,20210921_115323_2_4,29.973971065024266,19.997485775441515,-0.00026989839417769973,-0.0001194198178894851,2.947425548261927,2.982774483972267,0.001979592805164148,-0.0036394380601975297,-9.004425659589567e-06,-5.971741609444825e-06,2.982774483972267,1.0119931564450153,2021-09-21 11:53:23
2,4,2,19,20210921_115423_2_4,30.023588907227087,20.04887531745114,0.00017882680304365594,-0.0003794487959339501,3.002917623566679,3.0393219835434917,-0.006199235094166275,0.01282934787963869,5.95621008521769e-06,-1.8926188622843423e-05,3.0393219835434917,1.0121229965454643,2021-09-21 11:54:23
2,4,2,19,20210921_115523_2_4,29.938685555322017,20.06445393952135,-0.0006467682116783584,-0.00017677116183784013,3.061474684074576,2.9985906086198946,0.006162472705470589,0.01691672154536893,-2.1603093111193265e-05,-8.810165597861126e-06,3.061474684074576,0.9794595474586816,2021-09-21 11:55:23
2,4,2,19,20210921_115623_2_4,29.92058562507692,19.99915701709884,0.0003234684027947842,0.0005976244638650162,3.0394700567118247,3.0030993860165975,0.004202788699801969,-0.04714404982898305,1.081089811703686e-05,2.988248271434943e-05,3.0394700567118247,0.9880338776113577,2021-09-21 11:56:23
2,4,2,19,20210921_115723_2_4,29.944163613462504,20.007591367714838,-0.0006044519703979808,-0.0006808884916598167,3.0359306714471592,3.0482461270878747,-0.020088993056490666,-0.01135582231766127,-2.0185969399600368e-05,-3.403150729870111e-05,3.0482461270878747,1.004056566823657,2021-09-21 11:57:23
2,4,2,19,20210921_115823_2_4,30.069450247568717,20.069584605714656,-0.0005944382717671472,-9.811932628751869e-05,3.0502087945691274,2.9317991544303883,0.022915919675404656,0.008153402058421884,-1.9768844021856062e-05,-4.888956508824801e-06,3.0502087945691274,0.9611798246895208,2021-09-21 11:58:23
2,4,2,19,20210921_115923_2_4,29.97833148105634,20.03454001759706,-0.0004319217716344789,0.0007967968555509507,3.02882577452613,2.9884110019230747,0.01669872461205657,-0.03876809893458326,-1.440779890993651e-05,3.977115795277033e-05,3.02882577452613,0.9866566202179858,2021-09-21 11:59:23
2,4,2,19,20210921_120023_2_4,30.004967488710893,19.99177982773982,-0.00026920887865038737,-0.000931374796639021,3.040827183850747,2.9507800263150012,0.0005057225462733078,-0.02813961160496304,-8.972143654269076e-06,-4.6587887855121407e-05,3.040827183850747,0.9703872821139035,2021-09-21 12:00:23
2,4,2,19,20210921_120123_2_4,30.001131710317857,20.005454180199518,-0.0002127693420526553,2.997293298520975e-05,2.967349897724682,2.9956872697513344,-0.006466540252817115,0.02238149023822084,-7.0920438637813316e-06,1.4982380662407347e-06,2.9956872697513344,1.0095497238287878,2021-09-21 12:01:23
2,4,2,19,20210921_120223_2_4,30.12023715732124,19.896849219722586,-0.0004837816524963608,-0.0004970310213620712,2.9449764978055497,3.0183199057196775,-0.03808716380526557,0.011161562890377846,-1.6061681386156327e-05,-2.498038839583673e-05,3.0183199057196775,1.0249045817407303,2021-09-21 12:02:23
2,4,2,19,20210921_120323_2_4,30.028884472349606,20.05521445162575,-0.0003673588935521372,0.00012114859925907366,2.942427010344451,2.9706782993021146,-0.028999518351328413,-0.011955010469736547,-1.223351782815638e-05,6.040753119408948e-06,2.9706782993021146,1.0096013559073318,2021-09-21 12:03:23
2,4,2,19,20210921_120423_2_4,30.01271238707237,19.996255991867834,-0.0010796525289663381,0.00047520036165481846,2.906626947710211,2.925453185392962,0.003468575198812263,-0.015022510591692103,-3.597317413508371e-05,2.3764466800588822e-05,2.925453185392962,1.0064770051408152,2021-09-21 12:04:23
2,4,2,19,20210921_120523_2_4,29.99550438529324,19.957619238936854,0.00016832316764948374,-0.0002899200832637011,3.028909294980301,2.941478193876234,0.026583088176084495,-0.02863324688284185,5.611613176673648e-06,-1.4526786977580658e-05,3.028909294980301,0.9711344604313628,2021-09-21 12:05:23
2,4,2,19,20210921_120623_2_4,29.976666966177888,19.950830759762223,-0.00029698732375331313,-0.0006388389445824335,3.0112335643517496,2.9998811140766795,-0.007934813681696304,-0.009573438887962723,-9.907283024106662e-06,-3.20206688270282e-05,3.0112335643517496,0.996229966878204,2021-09-21 12:06:23
2,4,2,19,20210921_120723_2_4,29.99393869834112,20.033570095160144,-1.404832702895406e-05,0.0013951378403098218,2.9816986156602026,2.927625076012617,0.006737886399249723,0.017403242403311293,-4.6837219913805566e-07,6.964000094256138e-05,2.9816986156602026,0.981864854025291,2021-09-21 12:07:23
2,4,2,19,20210921_120823_2_4,30.00000255267201,20.021220679357334,0.00014572369012519828,-0.00048531363513023017,3.0083248037913384,2.9612730036482193,0.00484410756393743,0.01568116209932868,4.857455924190217e-06,-2.4239962333096284e-05,3.0083248037913384,0.9843594680721243,2021-09-21 12:08:23
2,4,2,19,20210921_120923_2_4,29.993166452806925,19.99350811904067,0.000567875607401455,0.00020620351224254123,2.973960826693781,2.966655886022041,-0.012619236156135824,0.012216199560415272,1.893349967883468e-05,1.0313523320410431e-05,2.973960826693781,0.997543699766933,2021-09-21 12:09:23
2,4,2,19,20210921_121023_2_4,29.990096573605108,20.012939477423064,-0.0002838451983211318,-0.00042716126559822946,2.981327706486119,2.9837202262942677,-0.014931020490410396,-0.005325990068567566,-9.464631019926415e-06,-2.134425410520615e-05,2.9837202262942677,1.0008025014502577,2021-09-21 12:10:23
2,4,2,19,20210921_121123_2_4,30.026913028653286,20.025533247448784,-0.0005912697888259542,0.00066111418976666,3.067216776378649,2.9760861732011805,-0.010662123446444162,0.013419888222140202,-1.9691327851841875e-05,3.301356231554457e-05,3.067216776378649,0.9702888286607955,2021-09-21 12:11:23
2,4,2,19,20210921_121223_2_4,30.05012877380557,19.995085824769998,0.0002739302691121626,0.00042484519597138753,3.0327809449637173,3.0028068273331003,-0.0002779581924326083,0.035236568013604815,9.115776879829718e-06,2.124748049068574e-05,3.0327809449637173,0.9901166229363211,2021-09-21 12:12:23
2,4,2,19,20210921_121323_2_4,30.059199803264526,20.025231810631563,-0.00021094817098933047,-0.00039406457637600304,2.9331947932346094,3.023416596247498,0.017422749406817907,-0.003977869759358924,-7.017757371120066e-06,-1.967840273223658e-05,3.023416596247498,1.0307588855745227,2021-09-21 12:13:23
2,4,2,19,20210921_121423_2_4,30.047474596623317,20.03847523369609,-0.0005687470196887685,0.00021113662038250842,3.0061505569894384,3.007477712412475,-0.0034834255553357458,-0.0027551397423116733,-1.892828024065235e-05,1.0536561186425377e-05,3.007477712412475,1.0004414800249943,2021-09-21 12:14:23
2,4,2,19,20210921_121523_2_4,30.037477328275166,20.039403723503597,0.0006472906507614776,0.00030242578743717037,2.9912711394144176,2.951567932339974,-0.0335091431608749,-0.04885806116159943,2.154943451766383e-05,1.5091556196478267e-05,2.9912711394144176,0.9867269781895411,2021-09-21 12:15:23
2,4,2,19,20210921_121623_2_4,30.002835615385738,20.039510169133006,0.000570759217964004,6.39081849137848e-05,3.032864229168717,3.013694186321762,-0.005161048291577391,-0.04876167734393412,1.9023509153625244e-05,3.18910913362658e-06,3.032864229168717,0.993679228149224,2021-09-21 12:16:23
2,4,2,19,20210921_121723_2_4,30.025257659255423,20.032188658307188,-0.0005179692408954691,-0.0002168170851561458,2.9704594487209497,2.969365144948055,0.06515486518745693,0.04536370511394062,-1.725111726845757e-05,-1.082343466579891e-05,2.9704594487209497,0.9996316045407165,2021-09-21 12:17:23
2,4,2,19,20210921_121823_2_4,30.0176857551142,20.047128379147118,0.00037965308940139246,-0.0005426410445350983,3.009680117766356,3.019469586157406,0.00855876111411729,0.03401868805071044,1.2647646873867012e-05,-2.7068268046786677e-05,3.019469586157406,1.0032526607506433,2021-09-21 12:18:23
2,4,2,19,20210921_121923_2_4,30.028393107510706,19.992745690950976,-0.0001964629948006531,0.0009357310185164422,3.018918659532113,3.030569001462899,-0.03089322901952495,-0.01934254999816176,-6.542574359448949e-06,4.680352728839883e-05,3.030569001462899,1.0038591109084707,2021-09-21 12:19:23
2,4,2,19,20210921_122023_2_4,30.041497076409293,20.017750112957387,0.0005565683820564959,-0.0006885699901513859,3.005788506534233,2.9797232526097317,0.028681013974879113,-0.007684710809833195,1.8526652671166406e-05,-3.4397971113930437e-05,3.005788506534233,0.991328314062071,2021-09-21 12:20:23
2,4,2,19,20210921_122123_2_4,30.021376430725603,20.05679258021268,0.0006173717447919832,0.00022906170725202693,2.9257693047219093,3.0145399552127867,-0.011837130339655139,-0.0205540495410842,2.0564405040407456e-05,1.142065493951466e-05,3.0145399552127867,1.0303409603578826,2021-09-21 12:21:23
2,4,2,19,20210921_122223_2_4,30.059248167810594,20.023482710639126,0.0002282875811758997,-0.0007783719536336292,3.0042595214836556,3.009621805985941,-0.023496764705412215,0.018460614599808838,7.594587193313935e-06,-3.887295556332241e-05,3.009621805985941,1.001784893902787,2021-09-21 12:22:23
2,4,2,19,20210921_122323_2_4,30.010402310755513,20.110521726424963,6.053383421282379e-05,-0.000515979501890459,3.0585714200026564,3.0341039979933795,-0.017456636997353996,-0.01080896234969366,2.0170950587733006e-06,-2.5657191240964605e-05,3.0585714200026564,0.9920003757802538,2021-09-21 12:23:23
2,4,2,19,20210921_122423_2_4,29.99316860999745,20.01553484790654,-0.0002998431208562056,-0.000817990207753572,2.996570162026164,2.986986541259995,-0.003394257792857148,-0.006381138262056936,-9.99704715280601e-06,-4.0867766660710895e-05,2.996570162026164,0.9968018033124614,2021-09-21 12:24:23
2,4,2,19,20210921_122523_2_4,29.89257806783334,20.022631270021705,0.0008280264021594676,0.00011702405480310788,2.9675591149012184,2.9852856196470174,-0.030655129160933298,-0.02605890622888102,2.7700066561019912e-05,5.84458921631937e-06,2.9852856196470174,1.0059734293604423,2021-09-21 12:25:23
2,4,2,19,20210921_122623_2_4,29.92679217385215,19.99430593266431,-0.00045688916159315854,-0.0009725914792242401,2.9425585581101132,3.0013877952187844,0.019831726430158004,0.012205740134919185,-1.5266893923644613e-05,-4.8643422907485685e-05,3.0013877952187844,1.0199925459245422,2021-09-21 12:26:23
2,4,2,19,20210921_122723_2_4,29.993714906332308,20.043151992526447,9.669067200234357e-06,2.5481467543156933e-05,2.967636059806193,3.0169714084831716,-0.03812433283588933,0.004349943803325726,3.2236977748271564e-07,1.271330355258409e-06,3.0169714084831716,1.0166244605749266,2021-09-21 12:27:23
2,4,2,19,20210921_122823_2_4,30.029668676774282,20.034507993850713,4.545979506660449e-05,0.000705741119125914,2.999232204694445,2.9284506950119793,0.011582269163673622,0.0021536750538613245,1.5138293917230017e-06,3.52262765495679e-05,2.999232204694445,0.9764001234810438,2021-09-21 12:28:23
2,4,2,19,20210921_122923_2_4,30.012240301762578,19.946465079480515,-0.0005405576901590418,0.000357335341152611,2.9958399484426548,2.931120830333506,-0.011259487405807162,0.017009623517644713,-1.8011240904508402e-05,1.79147202137692e-05,2.9958399484426548,0.9783970041047112,2021-09-21 12:29:23
